[[1;34mINFO[m] Scanning for projects...
[[1;34mINFO[m] 
[[1;34mINFO[m] [1m--------< [0;36mio.github.hiwepy:maven-embedder-spring-boot-starter[0;1m >--------[m
[[1;34mINFO[m] [1mBuilding io.github.hiwepy:maven-embedder-spring-boot-starter 2.3.x.20240823.RELEASE[m
[[1;34mINFO[m] [1m--------------------------------[ jar ]---------------------------------[m
Downloading from aiban-tianyin-core: https://aiban-maven.pkg.coding.net/repository/tianyin/core/org/apache/maven/maven-embedder/3.9.9/maven-embedder-3.9.9.pom
Downloaded from aiban-tianyin-core: https://aiban-maven.pkg.coding.net/repository/tianyin/core/org/apache/maven/maven-embedder/3.9.9/maven-embedder-3.9.9.pom (0 B at 0 B/s)
Downloading from aiban-tianyin-core: https://aiban-maven.pkg.coding.net/repository/tianyin/core/org/apache/maven/maven-settings/3.9.9/maven-settings-3.9.9.pom
Downloaded from aiban-tianyin-core: https://aiban-maven.pkg.coding.net/repository/tianyin/core/org/apache/maven/maven-settings/3.9.9/maven-settings-3.9.9.pom (0 B at 0 B/s)
Downloading from aiban-tianyin-core: https://aiban-maven.pkg.coding.net/repository/tianyin/core/org/apache/maven/maven-settings-builder/3.9.9/maven-settings-builder-3.9.9.pom
Downloaded from aiban-tianyin-core: https://aiban-maven.pkg.coding.net/repository/tianyin/core/org/apache/maven/maven-settings-builder/3.9.9/maven-settings-builder-3.9.9.pom (0 B at 0 B/s)
Downloading from aiban-tianyin-core: https://aiban-maven.pkg.coding.net/repository/tianyin/core/org/codehaus/plexus/plexus-sec-dispatcher/2.0/plexus-sec-dispatcher-2.0.pom
Downloaded from aiban-tianyin-core: https://aiban-maven.pkg.coding.net/repository/tianyin/core/org/codehaus/plexus/plexus-sec-dispatcher/2.0/plexus-sec-dispatcher-2.0.pom (0 B at 0 B/s)
Downloading from aiban-tianyin-core: https://aiban-maven.pkg.coding.net/repository/tianyin/core/org/codehaus/plexus/plexus-cipher/2.0/plexus-cipher-2.0.pom
Downloaded from aiban-tianyin-core: https://aiban-maven.pkg.coding.net/repository/tianyin/core/org/codehaus/plexus/plexus-cipher/2.0/plexus-cipher-2.0.pom (0 B at 0 B/s)
Downloading from aiban-tianyin-core: https://aiban-maven.pkg.coding.net/repository/tianyin/core/org/apache/maven/maven-core/3.9.9/maven-core-3.9.9.pom
Downloaded from aiban-tianyin-core: https://aiban-maven.pkg.coding.net/repository/tianyin/core/org/apache/maven/maven-core/3.9.9/maven-core-3.9.9.pom (0 B at 0 B/s)
Downloading from aiban-tianyin-core: https://aiban-maven.pkg.coding.net/repository/tianyin/core/org/apache/maven/maven-plugin-api/3.9.9/maven-plugin-api-3.9.9.pom
Downloaded from aiban-tianyin-core: https://aiban-maven.pkg.coding.net/repository/tianyin/core/org/apache/maven/maven-plugin-api/3.9.9/maven-plugin-api-3.9.9.pom (0 B at 0 B/s)
Downloading from aiban-tianyin-core: https://aiban-maven.pkg.coding.net/repository/tianyin/core/org/eclipse/sisu/org.eclipse.sisu.plexus/0.9.0.M3/org.eclipse.sisu.plexus-0.9.0.M3.pom
Progress (1): 4.0 kB
Progress (1): 8.1 kB
Progress (1): 12 kB 
Progress (1): 16 kB
Progress (1): 17 kB
                   
Downloaded from aiban-tianyin-core: https://aiban-maven.pkg.coding.net/repository/tianyin/core/org/eclipse/sisu/org.eclipse.sisu.plexus/0.9.0.M3/org.eclipse.sisu.plexus-0.9.0.M3.pom (17 kB at 53 kB/s)
Downloading from aiban-tianyin-core: https://aiban-maven.pkg.coding.net/repository/tianyin/core/org/codehaus/plexus/plexus-classworlds/2.8.0/plexus-classworlds-2.8.0.pom
Downloaded from aiban-tianyin-core: https://aiban-maven.pkg.coding.net/repository/tianyin/core/org/codehaus/plexus/plexus-classworlds/2.8.0/plexus-classworlds-2.8.0.pom (0 B at 0 B/s)
Downloading from aiban-tianyin-core: https://aiban-maven.pkg.coding.net/repository/tianyin/core/org/apache/maven/resolver/maven-resolver-spi/1.9.22/maven-resolver-spi-1.9.22.pom
Downloaded from aiban-tianyin-core: https://aiban-maven.pkg.coding.net/repository/tianyin/core/org/apache/maven/resolver/maven-resolver-spi/1.9.22/maven-resolver-spi-1.9.22.pom (0 B at 0 B/s)
Downloading from aiban-tianyin-core: https://aiban-maven.pkg.coding.net/repository/tianyin/core/org/apache/maven/resolver/maven-resolver-impl/1.9.22/maven-resolver-impl-1.9.22.pom
Downloaded from aiban-tianyin-core: https://aiban-maven.pkg.coding.net/repository/tianyin/core/org/apache/maven/resolver/maven-resolver-impl/1.9.22/maven-resolver-impl-1.9.22.pom (0 B at 0 B/s)
Downloading from aiban-tianyin-core: https://aiban-maven.pkg.coding.net/repository/tianyin/core/org/apache/maven/resolver/maven-resolver-named-locks/1.9.22/maven-resolver-named-locks-1.9.22.pom
Downloaded from aiban-tianyin-core: https://aiban-maven.pkg.coding.net/repository/tianyin/core/org/apache/maven/resolver/maven-resolver-named-locks/1.9.22/maven-resolver-named-locks-1.9.22.pom (0 B at 0 B/s)
Downloading from aiban-tianyin-core: https://aiban-maven.pkg.coding.net/repository/tianyin/core/com/google/google/5/google-5.pom
Downloaded from aiban-tianyin-core: https://aiban-maven.pkg.coding.net/repository/tianyin/core/com/google/google/5/google-5.pom (0 B at 0 B/s)
Downloading from aiban-tianyin-core: https://aiban-maven.pkg.coding.net/repository/tianyin/core/org/apache/maven/maven-embedder/3.9.9/maven-embedder-3.9.9.jar
Downloading from aiban-tianyin-core: https://aiban-maven.pkg.coding.net/repository/tianyin/core/org/apache/maven/resolver/maven-resolver-impl/1.9.22/maven-resolver-impl-1.9.22.jar
Downloading from aiban-tianyin-core: https://aiban-maven.pkg.coding.net/repository/tianyin/core/org/apache/maven/maven-core/3.9.9/maven-core-3.9.9.jar
Downloading from aiban-tianyin-core: https://aiban-maven.pkg.coding.net/repository/tianyin/core/org/apache/maven/maven-settings-builder/3.9.9/maven-settings-builder-3.9.9.jar
Downloading from aiban-tianyin-core: https://aiban-maven.pkg.coding.net/repository/tianyin/core/org/apache/maven/maven-settings/3.9.9/maven-settings-3.9.9.jar
Downloaded from aiban-tianyin-core: https://aiban-maven.pkg.coding.net/repository/tianyin/core/org/apache/maven/maven-embedder/3.9.9/maven-embedder-3.9.9.jar (0 B at 0 B/s)
Downloading from aiban-tianyin-core: https://aiban-maven.pkg.coding.net/repository/tianyin/core/org/apache/maven/resolver/maven-resolver-named-locks/1.9.22/maven-resolver-named-locks-1.9.22.jar
Progress (1): 2.6 kB
Progress (1): 6.7 kB
Progress (1): 11 kB 
Progress (1): 14 kB
Progress (1): 16 kB
Progress (1): 19 kB
Progress (1): 22 kB
Progress (1): 26 kB
Progress (1): 30 kB
Progress (1): 34 kB
Progress (1): 36 kB
Progress (2): 36 kB | 3.9 kB
Progress (2): 36 kB | 8.0 kB
Progress (2): 40 kB | 8.0 kB
Progress (2): 44 kB | 8.0 kB
Progress (2): 45 kB | 8.0 kB
Progress (2): 45 kB | 12 kB 
Progress (2): 45 kB | 15 kB
Progress (2): 45 kB | 18 kB
Progress (2): 45 kB | 21 kB
Progress (2): 45 kB | 24 kB
Progress (2): 45 kB | 26 kB
Progress (2): 45 kB | 30 kB
Progress (2): 45 kB | 33 kB
Progress (2): 45 kB | 36 kB
Progress (2): 45 kB | 39 kB
Progress (2): 45 kB | 42 kB
Progress (3): 45 kB | 42 kB | 2.6 kB
Progress (3): 45 kB | 42 kB | 6.7 kB
Progress (3): 45 kB | 42 kB | 11 kB 
Progress (3): 45 kB | 42 kB | 14 kB
Progress (3): 45 kB | 42 kB | 18 kB
Progress (3): 45 kB | 42 kB | 22 kB
Progress (3): 45 kB | 42 kB | 26 kB
Progress (3): 45 kB | 42 kB | 29 kB
Progress (3): 45 kB | 42 kB | 33 kB
Progress (3): 45 kB | 42 kB | 37 kB
Progress (3): 45 kB | 42 kB | 41 kB
Progress (3): 45 kB | 42 kB | 44 kB
Progress (3): 45 kB | 42 kB | 46 kB
Progress (3): 45 kB | 42 kB | 49 kB
Progress (3): 45 kB | 42 kB | 52 kB
Progress (3): 45 kB | 42 kB | 54 kB
Progress (3): 45 kB | 42 kB | 57 kB
Progress (3): 45 kB | 42 kB | 60 kB
Progress (3): 45 kB | 42 kB | 62 kB
Progress (3): 45 kB | 42 kB | 66 kB
Progress (3): 45 kB | 42 kB | 70 kB
Progress (3): 45 kB | 42 kB | 74 kB
Progress (3): 45 kB | 42 kB | 79 kB
Progress (3): 45 kB | 42 kB | 83 kB
Progress (3): 45 kB | 42 kB | 87 kB
Progress (3): 45 kB | 42 kB | 91 kB
Progress (3): 45 kB | 42 kB | 94 kB
Progress (3): 45 kB | 42 kB | 97 kB
Progress (3): 45 kB | 42 kB | 101 kB
Progress (3): 45 kB | 42 kB | 105 kB
Progress (3): 45 kB | 42 kB | 108 kB
Progress (3): 45 kB | 42 kB | 111 kB
Progress (3): 45 kB | 42 kB | 115 kB
Progress (3): 45 kB | 42 kB | 119 kB
Progress (3): 45 kB | 42 kB | 123 kB
Progress (3): 45 kB | 42 kB | 127 kB
Progress (3): 45 kB | 42 kB | 131 kB
Progress (3): 45 kB | 42 kB | 135 kB
Progress (3): 45 kB | 42 kB | 139 kB
Progress (3): 45 kB | 42 kB | 143 kB
Progress (3): 45 kB | 42 kB | 147 kB
Progress (3): 45 kB | 42 kB | 152 kB
Progress (3): 45 kB | 42 kB | 156 kB
Progress (3): 45 kB | 42 kB | 160 kB
Progress (4): 45 kB | 42 kB | 160 kB | 2.6 kB
Progress (4): 45 kB | 42 kB | 164 kB | 2.6 kB
Progress (4): 45 kB | 42 kB | 164 kB | 5.4 kB
Progress (4): 45 kB | 42 kB | 164 kB | 9.5 kB
Progress (4): 45 kB | 42 kB | 168 kB | 9.5 kB
Progress (4): 45 kB | 42 kB | 172 kB | 9.5 kB
Progress (4): 45 kB | 42 kB | 176 kB | 9.5 kB
Progress (4): 45 kB | 42 kB | 180 kB | 9.5 kB
Progress (4): 45 kB | 42 kB | 184 kB | 9.5 kB
Progress (4): 45 kB | 42 kB | 188 kB | 9.5 kB
Progress (4): 45 kB | 42 kB | 193 kB | 9.5 kB
Progress (4): 45 kB | 42 kB | 197 kB | 9.5 kB
                                             
Downloaded from aiban-tianyin-core: https://aiban-maven.pkg.coding.net/repository/tianyin/core/org/apache/maven/maven-settings/3.9.9/maven-settings-3.9.9.jar (45 kB at 84 kB/s)
Progress (3): 42 kB | 201 kB | 9.5 kB
                                     
Downloading from aiban-tianyin-core: https://aiban-maven.pkg.coding.net/repository/tianyin/core/org/apache/maven/resolver/maven-resolver-spi/1.9.22/maven-resolver-spi-1.9.22.jar
Progress (3): 42 kB | 205 kB | 9.5 kB
Progress (3): 42 kB | 209 kB | 9.5 kB
Progress (3): 42 kB | 213 kB | 9.5 kB
Progress (3): 42 kB | 217 kB | 9.5 kB
Progress (3): 42 kB | 221 kB | 9.5 kB
Progress (3): 42 kB | 225 kB | 9.5 kB
Progress (3): 42 kB | 229 kB | 9.5 kB
Progress (3): 42 kB | 234 kB | 9.5 kB
Progress (3): 42 kB | 238 kB | 9.5 kB
Progress (3): 42 kB | 242 kB | 9.5 kB
Progress (3): 42 kB | 246 kB | 9.5 kB
Progress (3): 42 kB | 250 kB | 9.5 kB
Progress (3): 42 kB | 254 kB | 9.5 kB
Progress (3): 42 kB | 258 kB | 9.5 kB
Progress (3): 42 kB | 262 kB | 9.5 kB
Progress (3): 42 kB | 266 kB | 9.5 kB
Progress (3): 42 kB | 270 kB | 9.5 kB
Progress (3): 42 kB | 274 kB | 9.5 kB
Progress (3): 42 kB | 279 kB | 9.5 kB
Progress (3): 42 kB | 279 kB | 12 kB 
Progress (3): 42 kB | 283 kB | 12 kB
Progress (3): 42 kB | 283 kB | 16 kB
Progress (3): 42 kB | 287 kB | 16 kB
Progress (3): 42 kB | 287 kB | 20 kB
Progress (3): 42 kB | 291 kB | 20 kB
Progress (3): 42 kB | 291 kB | 24 kB
Progress (3): 42 kB | 295 kB | 24 kB
Progress (3): 42 kB | 295 kB | 26 kB
Progress (3): 42 kB | 295 kB | 29 kB
Progress (3): 42 kB | 299 kB | 29 kB
Progress (3): 42 kB | 303 kB | 29 kB
Progress (3): 42 kB | 307 kB | 29 kB
Progress (3): 42 kB | 311 kB | 29 kB
Progress (3): 42 kB | 315 kB | 29 kB
Progress (3): 42 kB | 320 kB | 29 kB
Progress (3): 42 kB | 320 kB | 29 kB
Progress (3): 42 kB | 320 kB | 33 kB
                                    
Downloaded from aiban-tianyin-core: https://aiban-maven.pkg.coding.net/repository/tianyin/core/org/apache/maven/maven-settings-builder/3.9.9/maven-settings-builder-3.9.9.jar (42 kB at 77 kB/s)
Downloading from aiban-tianyin-core: https://aiban-maven.pkg.coding.net/repository/tianyin/core/org/codehaus/plexus/plexus-component-annotations/2.1.0/plexus-component-annotations-2.1.0.jar
Progress (2): 320 kB | 37 kB
Progress (2): 320 kB | 38 kB
Progress (3): 320 kB | 38 kB | 4.1 kB
Progress (3): 320 kB | 38 kB | 8.2 kB
Progress (3): 320 kB | 38 kB | 12 kB 
Progress (3): 320 kB | 38 kB | 15 kB
Progress (3): 320 kB | 38 kB | 19 kB
Progress (3): 320 kB | 38 kB | 22 kB
Progress (3): 320 kB | 38 kB | 26 kB
Progress (3): 320 kB | 38 kB | 29 kB
Progress (3): 320 kB | 38 kB | 32 kB
Progress (3): 320 kB | 38 kB | 35 kB
Progress (3): 320 kB | 38 kB | 38 kB
Progress (3): 320 kB | 38 kB | 41 kB
Progress (3): 320 kB | 38 kB | 44 kB
Progress (3): 320 kB | 38 kB | 46 kB
Progress (3): 320 kB | 38 kB | 49 kB
Progress (3): 320 kB | 38 kB | 51 kB
Progress (3): 320 kB | 38 kB | 56 kB
Progress (3): 320 kB | 38 kB | 59 kB
Progress (3): 320 kB | 38 kB | 61 kB
Progress (3): 320 kB | 38 kB | 66 kB
Progress (3): 320 kB | 38 kB | 70 kB
Progress (3): 320 kB | 38 kB | 74 kB
Progress (3): 320 kB | 38 kB | 78 kB
Progress (3): 320 kB | 38 kB | 82 kB
Progress (3): 320 kB | 38 kB | 86 kB
Progress (3): 320 kB | 38 kB | 90 kB
Progress (3): 320 kB | 38 kB | 94 kB
Progress (3): 320 kB | 38 kB | 98 kB
Progress (3): 320 kB | 38 kB | 102 kB
Progress (3): 320 kB | 38 kB | 107 kB
Progress (3): 320 kB | 38 kB | 111 kB
Progress (3): 320 kB | 38 kB | 115 kB
Progress (3): 320 kB | 38 kB | 119 kB
Progress (3): 320 kB | 38 kB | 122 kB
Progress (3): 320 kB | 38 kB | 125 kB
Progress (3): 320 kB | 38 kB | 128 kB
Progress (3): 320 kB | 38 kB | 132 kB
Progress (3): 320 kB | 38 kB | 136 kB
Progress (3): 320 kB | 38 kB | 140 kB
Progress (3): 320 kB | 38 kB | 144 kB
Progress (3): 320 kB | 38 kB | 148 kB
Progress (3): 320 kB | 38 kB | 152 kB
Progress (3): 320 kB | 38 kB | 156 kB
Progress (3): 320 kB | 38 kB | 160 kB
Progress (3): 320 kB | 38 kB | 164 kB
Progress (3): 320 kB | 38 kB | 169 kB
Progress (3): 320 kB | 38 kB | 173 kB
Progress (3): 320 kB | 38 kB | 177 kB
Progress (3): 320 kB | 38 kB | 181 kB
Progress (3): 320 kB | 38 kB | 185 kB
Progress (3): 320 kB | 38 kB | 189 kB
Progress (3): 320 kB | 38 kB | 193 kB
Progress (3): 320 kB | 38 kB | 197 kB
Progress (3): 320 kB | 38 kB | 201 kB
Progress (3): 320 kB | 38 kB | 205 kB
Progress (3): 320 kB | 38 kB | 210 kB
Progress (3): 320 kB | 38 kB | 214 kB
Progress (3): 320 kB | 38 kB | 218 kB
Progress (3): 320 kB | 38 kB | 222 kB
Progress (3): 320 kB | 38 kB | 226 kB
Progress (3): 320 kB | 38 kB | 230 kB
Progress (3): 320 kB | 38 kB | 234 kB
Progress (3): 320 kB | 38 kB | 238 kB
Progress (3): 320 kB | 38 kB | 242 kB
Progress (3): 320 kB | 38 kB | 246 kB
Progress (3): 320 kB | 38 kB | 251 kB
Progress (3): 320 kB | 38 kB | 255 kB
Progress (3): 320 kB | 38 kB | 259 kB
Progress (3): 320 kB | 38 kB | 263 kB
Progress (3): 320 kB | 38 kB | 267 kB
Progress (3): 320 kB | 38 kB | 271 kB
Progress (3): 320 kB | 38 kB | 275 kB
Progress (3): 320 kB | 38 kB | 279 kB
Progress (3): 320 kB | 38 kB | 283 kB
Progress (3): 320 kB | 38 kB | 287 kB
Progress (3): 320 kB | 38 kB | 291 kB
Progress (3): 320 kB | 38 kB | 296 kB
Progress (3): 320 kB | 38 kB | 300 kB
Progress (3): 320 kB | 38 kB | 304 kB
Progress (3): 320 kB | 38 kB | 308 kB
Progress (3): 320 kB | 38 kB | 312 kB
Progress (3): 320 kB | 38 kB | 316 kB
Progress (3): 320 kB | 38 kB | 320 kB
Progress (3): 320 kB | 38 kB | 324 kB
Progress (3): 320 kB | 38 kB | 328 kB
Progress (3): 320 kB | 38 kB | 332 kB
Progress (3): 320 kB | 38 kB | 337 kB
Progress (3): 320 kB | 38 kB | 341 kB
Progress (3): 320 kB | 38 kB | 345 kB
Progress (3): 320 kB | 38 kB | 349 kB
Progress (3): 320 kB | 38 kB | 353 kB
Progress (3): 320 kB | 38 kB | 357 kB
Progress (3): 320 kB | 38 kB | 361 kB
Progress (3): 320 kB | 38 kB | 365 kB
Progress (3): 320 kB | 38 kB | 369 kB
Progress (3): 320 kB | 38 kB | 373 kB
Progress (3): 320 kB | 38 kB | 377 kB
Progress (3): 320 kB | 38 kB | 382 kB
Progress (3): 320 kB | 38 kB | 386 kB
Progress (3): 320 kB | 38 kB | 390 kB
Progress (3): 320 kB | 38 kB | 394 kB
Progress (3): 320 kB | 38 kB | 398 kB
Progress (3): 320 kB | 38 kB | 402 kB
Progress (3): 320 kB | 38 kB | 406 kB
Progress (3): 320 kB | 38 kB | 410 kB
Progress (3): 320 kB | 38 kB | 414 kB
Progress (3): 320 kB | 38 kB | 418 kB
Progress (3): 320 kB | 38 kB | 423 kB
Progress (3): 320 kB | 38 kB | 427 kB
Progress (3): 320 kB | 38 kB | 431 kB
Progress (3): 320 kB | 38 kB | 435 kB
Progress (3): 320 kB | 38 kB | 439 kB
Progress (3): 320 kB | 38 kB | 443 kB
Progress (3): 320 kB | 38 kB | 447 kB
Progress (3): 320 kB | 38 kB | 451 kB
Progress (3): 320 kB | 38 kB | 455 kB
Progress (3): 320 kB | 38 kB | 459 kB
Progress (3): 320 kB | 38 kB | 463 kB
Progress (3): 320 kB | 38 kB | 468 kB
Progress (3): 320 kB | 38 kB | 472 kB
Progress (3): 320 kB | 38 kB | 476 kB
Progress (3): 320 kB | 38 kB | 480 kB
Progress (3): 320 kB | 38 kB | 484 kB
Progress (3): 320 kB | 38 kB | 488 kB
Progress (3): 320 kB | 38 kB | 492 kB
Progress (3): 320 kB | 38 kB | 496 kB
Progress (3): 320 kB | 38 kB | 500 kB
Progress (3): 320 kB | 38 kB | 504 kB
Progress (3): 320 kB | 38 kB | 509 kB
Progress (3): 320 kB | 38 kB | 513 kB
Progress (3): 320 kB | 38 kB | 517 kB
Progress (3): 320 kB | 38 kB | 521 kB
Progress (3): 320 kB | 38 kB | 525 kB
Progress (3): 320 kB | 38 kB | 529 kB
Progress (3): 320 kB | 38 kB | 533 kB
Progress (3): 320 kB | 38 kB | 537 kB
Progress (3): 320 kB | 38 kB | 541 kB
Progress (3): 320 kB | 38 kB | 545 kB
Progress (3): 320 kB | 38 kB | 550 kB
Progress (4): 320 kB | 38 kB | 550 kB | 2.6 kB
Progress (4): 320 kB | 38 kB | 554 kB | 2.6 kB
Progress (4): 320 kB | 38 kB | 554 kB | 4.2 kB
Progress (4): 320 kB | 38 kB | 558 kB | 4.2 kB
Progress (4): 320 kB | 38 kB | 562 kB | 4.2 kB
Progress (4): 320 kB | 38 kB | 566 kB | 4.2 kB
Progress (4): 320 kB | 38 kB | 570 kB | 4.2 kB
Progress (4): 320 kB | 38 kB | 574 kB | 4.2 kB
Progress (4): 320 kB | 38 kB | 578 kB | 4.2 kB
Progress (4): 320 kB | 38 kB | 582 kB | 4.2 kB
Progress (4): 320 kB | 38 kB | 586 kB | 4.2 kB
Progress (4): 320 kB | 38 kB | 590 kB | 4.2 kB
Progress (4): 320 kB | 38 kB | 595 kB | 4.2 kB
Progress (4): 320 kB | 38 kB | 599 kB | 4.2 kB
Progress (4): 320 kB | 38 kB | 603 kB | 4.2 kB
Progress (4): 320 kB | 38 kB | 607 kB | 4.2 kB
Progress (4): 320 kB | 38 kB | 611 kB | 4.2 kB
Progress (4): 320 kB | 38 kB | 615 kB | 4.2 kB
Progress (4): 320 kB | 38 kB | 619 kB | 4.2 kB
Progress (4): 320 kB | 38 kB | 623 kB | 4.2 kB
Progress (4): 320 kB | 38 kB | 627 kB | 4.2 kB
Progress (4): 320 kB | 38 kB | 631 kB | 4.2 kB
Progress (4): 320 kB | 38 kB | 636 kB | 4.2 kB
Progress (4): 320 kB | 38 kB | 640 kB | 4.2 kB
Progress (4): 320 kB | 38 kB | 644 kB | 4.2 kB
Progress (4): 320 kB | 38 kB | 648 kB | 4.2 kB
Progress (4): 320 kB | 38 kB | 652 kB | 4.2 kB
Progress (4): 320 kB | 38 kB | 656 kB | 4.2 kB
Progress (4): 320 kB | 38 kB | 660 kB | 4.2 kB
Progress (4): 320 kB | 38 kB | 664 kB | 4.2 kB
Progress (4): 320 kB | 38 kB | 668 kB | 4.2 kB
Progress (4): 320 kB | 38 kB | 672 kB | 4.2 kB
Progress (4): 320 kB | 38 kB | 676 kB | 4.2 kB
Progress (4): 320 kB | 38 kB | 681 kB | 4.2 kB
Progress (4): 320 kB | 38 kB | 685 kB | 4.2 kB
Progress (4): 320 kB | 38 kB | 689 kB | 4.2 kB
Progress (4): 320 kB | 38 kB | 693 kB | 4.2 kB
Progress (4): 320 kB | 38 kB | 697 kB | 4.2 kB
Progress (4): 320 kB | 38 kB | 701 kB | 4.2 kB
Progress (4): 320 kB | 38 kB | 705 kB | 4.2 kB
                                              
Downloaded from aiban-tianyin-core: https://aiban-maven.pkg.coding.net/repository/tianyin/core/org/apache/maven/resolver/maven-resolver-named-locks/1.9.22/maven-resolver-named-locks-1.9.22.jar (38 kB at 51 kB/s)
Downloaded from aiban-tianyin-core: https://aiban-maven.pkg.coding.net/repository/tianyin/core/org/apache/maven/resolver/maven-resolver-impl/1.9.22/maven-resolver-impl-1.9.22.jar (320 kB at 433 kB/s)
Downloading from aiban-tianyin-core: https://aiban-maven.pkg.coding.net/repository/tianyin/core/org/apache/maven/maven-plugin-api/3.9.9/maven-plugin-api-3.9.9.jar
Downloading from aiban-tianyin-core: https://aiban-maven.pkg.coding.net/repository/tianyin/core/org/codehaus/plexus/plexus-classworlds/2.8.0/plexus-classworlds-2.8.0.jar
Progress (3): 705 kB | 4.2 kB | 4.1 kB
Progress (3): 705 kB | 4.2 kB | 6.9 kB
Progress (3): 705 kB | 4.2 kB | 11 kB 
Progress (3): 705 kB | 4.2 kB | 14 kB
Progress (3): 705 kB | 4.2 kB | 18 kB
Progress (3): 705 kB | 4.2 kB | 21 kB
Progress (3): 705 kB | 4.2 kB | 24 kB
Progress (3): 705 kB | 4.2 kB | 28 kB
Progress (3): 705 kB | 4.2 kB | 31 kB
Progress (3): 705 kB | 4.2 kB | 35 kB
Progress (3): 705 kB | 4.2 kB | 38 kB
Progress (3): 705 kB | 4.2 kB | 41 kB
Progress (3): 705 kB | 4.2 kB | 43 kB
Progress (3): 705 kB | 4.2 kB | 46 kB
Progress (3): 705 kB | 4.2 kB | 49 kB
Progress (3): 705 kB | 4.2 kB | 52 kB
Progress (3): 705 kB | 4.2 kB | 52 kB
                                     
Downloaded from aiban-tianyin-core: https://aiban-maven.pkg.coding.net/repository/tianyin/core/org/codehaus/plexus/plexus-component-annotations/2.1.0/plexus-component-annotations-2.1.0.jar (4.2 kB at 5.1 kB/s)
Downloading from aiban-tianyin-core: https://aiban-maven.pkg.coding.net/repository/tianyin/core/org/eclipse/sisu/org.eclipse.sisu.plexus/0.9.0.M3/org.eclipse.sisu.plexus-0.9.0.M3.jar
Progress (3): 705 kB | 52 kB | 4.1 kB
Progress (3): 705 kB | 52 kB | 8.2 kB
Progress (3): 705 kB | 52 kB | 11 kB 
Progress (3): 705 kB | 52 kB | 14 kB
Progress (3): 705 kB | 52 kB | 16 kB
Progress (3): 705 kB | 52 kB | 20 kB
Progress (3): 705 kB | 52 kB | 25 kB
Progress (3): 705 kB | 52 kB | 29 kB
Progress (3): 705 kB | 52 kB | 33 kB
Progress (3): 705 kB | 52 kB | 35 kB
Progress (3): 705 kB | 52 kB | 38 kB
Progress (3): 705 kB | 52 kB | 42 kB
Progress (3): 705 kB | 52 kB | 46 kB
Progress (3): 705 kB | 52 kB | 50 kB
Progress (3): 705 kB | 52 kB | 53 kB
Progress (3): 705 kB | 52 kB | 54 kB
                                    
Downloaded from aiban-tianyin-core: https://aiban-maven.pkg.coding.net/repository/tianyin/core/org/apache/maven/maven-core/3.9.9/maven-core-3.9.9.jar (705 kB at 779 kB/s)
Downloading from aiban-tianyin-core: https://aiban-maven.pkg.coding.net/repository/tianyin/core/org/codehaus/plexus/plexus-sec-dispatcher/2.0/plexus-sec-dispatcher-2.0.jar
Progress (3): 52 kB | 54 kB | 2.6 kB
Progress (3): 52 kB | 54 kB | 6.7 kB
Progress (3): 52 kB | 54 kB | 9.7 kB
Progress (3): 52 kB | 54 kB | 12 kB 
                                   
Downloaded from aiban-tianyin-core: https://aiban-maven.pkg.coding.net/repository/tianyin/core/org/apache/maven/resolver/maven-resolver-spi/1.9.22/maven-resolver-spi-1.9.22.jar (52 kB at 53 kB/s)
Progress (2): 54 kB | 15 kB
                           
Downloading from aiban-tianyin-core: https://aiban-maven.pkg.coding.net/repository/tianyin/core/org/codehaus/plexus/plexus-cipher/2.0/plexus-cipher-2.0.jar
Progress (2): 54 kB | 18 kB
Progress (2): 54 kB | 22 kB
Progress (2): 54 kB | 26 kB
Progress (2): 54 kB | 29 kB
Progress (2): 54 kB | 32 kB
Progress (2): 54 kB | 35 kB
Progress (2): 54 kB | 38 kB
Progress (2): 54 kB | 41 kB
Progress (2): 54 kB | 45 kB
Progress (2): 54 kB | 48 kB
Progress (2): 54 kB | 50 kB
Progress (2): 54 kB | 53 kB
Progress (2): 54 kB | 56 kB
Progress (2): 54 kB | 58 kB
Progress (2): 54 kB | 62 kB
Progress (2): 54 kB | 66 kB
Progress (2): 54 kB | 70 kB
Progress (2): 54 kB | 75 kB
Progress (2): 54 kB | 79 kB
Progress (2): 54 kB | 83 kB
Progress (2): 54 kB | 86 kB
Progress (2): 54 kB | 88 kB
Progress (2): 54 kB | 93 kB
Progress (2): 54 kB | 97 kB
Progress (2): 54 kB | 100 kB
Progress (2): 54 kB | 103 kB
Progress (2): 54 kB | 107 kB
Progress (2): 54 kB | 109 kB
Progress (2): 54 kB | 112 kB
Progress (2): 54 kB | 115 kB
Progress (2): 54 kB | 118 kB
Progress (2): 54 kB | 122 kB
Progress (2): 54 kB | 125 kB
Progress (2): 54 kB | 129 kB
Progress (2): 54 kB | 133 kB
Progress (2): 54 kB | 136 kB
Progress (2): 54 kB | 139 kB
Progress (2): 54 kB | 142 kB
Progress (2): 54 kB | 145 kB
Progress (2): 54 kB | 149 kB
Progress (2): 54 kB | 152 kB
Progress (2): 54 kB | 155 kB
Progress (2): 54 kB | 158 kB
Progress (2): 54 kB | 161 kB
Progress (2): 54 kB | 164 kB
Progress (2): 54 kB | 167 kB
Progress (2): 54 kB | 170 kB
Progress (2): 54 kB | 173 kB
Progress (2): 54 kB | 175 kB
Progress (2): 54 kB | 178 kB
Progress (2): 54 kB | 182 kB
Progress (2): 54 kB | 185 kB
Progress (2): 54 kB | 189 kB
Progress (2): 54 kB | 194 kB
Progress (2): 54 kB | 198 kB
Progress (2): 54 kB | 202 kB
Progress (2): 54 kB | 206 kB
Progress (2): 54 kB | 210 kB
Progress (2): 54 kB | 214 kB
Progress (2): 54 kB | 216 kB
                            
Downloaded from aiban-tianyin-core: https://aiban-maven.pkg.coding.net/repository/tianyin/core/org/codehaus/plexus/plexus-classworlds/2.8.0/plexus-classworlds-2.8.0.jar (54 kB at 53 kB/s)
Progress (2): 216 kB | 2.6 kB
Progress (2): 216 kB | 5.4 kB
Progress (2): 216 kB | 9.5 kB
Progress (2): 216 kB | 12 kB 
Progress (2): 216 kB | 16 kB
Progress (2): 216 kB | 19 kB
Progress (2): 216 kB | 22 kB
                            
Downloaded from aiban-tianyin-core: https://aiban-maven.pkg.coding.net/repository/tianyin/core/org/codehaus/plexus/plexus-sec-dispatcher/2.0/plexus-sec-dispatcher-2.0.jar (0 B at 0 B/s)
Progress (2): 216 kB | 25 kB
Progress (2): 216 kB | 29 kB
Progress (2): 216 kB | 33 kB
Progress (2): 216 kB | 37 kB
Progress (2): 216 kB | 41 kB
Progress (2): 216 kB | 44 kB
Progress (2): 216 kB | 46 kB
Progress (2): 216 kB | 47 kB
                            
Downloaded from aiban-tianyin-core: https://aiban-maven.pkg.coding.net/repository/tianyin/core/org/codehaus/plexus/plexus-cipher/2.0/plexus-cipher-2.0.jar (0 B at 0 B/s)
Downloaded from aiban-tianyin-core: https://aiban-maven.pkg.coding.net/repository/tianyin/core/org/eclipse/sisu/org.eclipse.sisu.plexus/0.9.0.M3/org.eclipse.sisu.plexus-0.9.0.M3.jar (216 kB at 190 kB/s)
Downloaded from aiban-tianyin-core: https://aiban-maven.pkg.coding.net/repository/tianyin/core/org/apache/maven/maven-plugin-api/3.9.9/maven-plugin-api-3.9.9.jar (47 kB at 35 kB/s)
[[1;34mINFO[m] 
[[1;34mINFO[m] [1m--- [0;32mmaven-clean-plugin:3.1.0:clean[m [1m(default-clean)[m @ [36mmaven-embedder-spring-boot-starter[0;1m ---[m
[[1;34mINFO[m] Deleting /Users/wandl/workspaces/workspace-ddd4j/workspace-ddd4j-boot-starters/maven-embedder-spring-boot-starter/target
[[1;34mINFO[m] 
[[1;34mINFO[m] [1m--- [0;32mmaven-enforcer-plugin:3.0.0-M3:enforce[m [1m(default-cli)[m @ [36mmaven-embedder-spring-boot-starter[0;1m ---[m
[[1;34mINFO[m] 
[[1;34mINFO[m] [1m--- [0;32mmaven-resources-plugin:3.1.0:resources[m [1m(default-resources)[m @ [36mmaven-embedder-spring-boot-starter[0;1m ---[m
[[1;34mINFO[m] Using 'UTF-8' encoding to copy filtered resources.
[[1;34mINFO[m] Copying 0 resource
[[1;34mINFO[m] Copying 2 resources
[[1;34mINFO[m] 
[[1;34mINFO[m] [1m--- [0;32mmaven-compiler-plugin:3.8.1:compile[m [1m(default-compile)[m @ [36mmaven-embedder-spring-boot-starter[0;1m ---[m
[[1;34mINFO[m] Changes detected - recompiling the module!
[[1;34mINFO[m] Compiling 4 source files to /Users/wandl/workspaces/workspace-ddd4j/workspace-ddd4j-boot-starters/maven-embedder-spring-boot-starter/target/classes
[[1;34mINFO[m] 
[[1;34mINFO[m] [1m--- [0;32mmaven-resources-plugin:3.1.0:testResources[m [1m(default-testResources)[m @ [36mmaven-embedder-spring-boot-starter[0;1m ---[m
[[1;34mINFO[m] Not copying test resources
[[1;34mINFO[m] 
[[1;34mINFO[m] [1m--- [0;32mmaven-compiler-plugin:3.8.1:testCompile[m [1m(default-testCompile)[m @ [36mmaven-embedder-spring-boot-starter[0;1m ---[m
[[1;34mINFO[m] Not compiling test sources
[[1;34mINFO[m] 
[[1;34mINFO[m] [1m--- [0;32mmaven-surefire-plugin:2.22.1:test[m [1m(default-test)[m @ [36mmaven-embedder-spring-boot-starter[0;1m ---[m
[[1;34mINFO[m] Tests are skipped.
[[1;34mINFO[m] 
[[1;34mINFO[m] [1m--- [0;32mmaven-jar-plugin:3.1.1:jar[m [1m(default-jar)[m @ [36mmaven-embedder-spring-boot-starter[0;1m ---[m
[[1;34mINFO[m] Building jar: /Users/wandl/workspaces/workspace-ddd4j/workspace-ddd4j-boot-starters/maven-embedder-spring-boot-starter/target/maven-embedder-spring-boot-starter-2.3.x.20240823.RELEASE.jar
[[1;34mINFO[m] 
[[1;34mINFO[m] [1m--- [0;32mmaven-source-plugin:3.2.1:jar-no-fork[m [1m(attach-sources)[m @ [36mmaven-embedder-spring-boot-starter[0;1m ---[m
[[1;34mINFO[m] Building jar: /Users/wandl/workspaces/workspace-ddd4j/workspace-ddd4j-boot-starters/maven-embedder-spring-boot-starter/target/maven-embedder-spring-boot-starter-2.3.x.20240823.RELEASE-sources.jar
[[1;34mINFO[m] 
[[1;34mINFO[m] [1m--- [0;32mmaven-install-plugin:2.5.2:install[m [1m(default-install)[m @ [36mmaven-embedder-spring-boot-starter[0;1m ---[m
[[1;34mINFO[m] Installing /Users/wandl/workspaces/workspace-ddd4j/workspace-ddd4j-boot-starters/maven-embedder-spring-boot-starter/target/maven-embedder-spring-boot-starter-2.3.x.20240823.RELEASE.jar to /Users/wandl/.m2/repository/com/github/hiwepy/maven-embedder-spring-boot-starter/2.3.x.20240823.RELEASE/maven-embedder-spring-boot-starter-2.3.x.20240823.RELEASE.jar
[[1;34mINFO[m] Installing /Users/wandl/workspaces/workspace-ddd4j/workspace-ddd4j-boot-starters/maven-embedder-spring-boot-starter/pom.xml to /Users/wandl/.m2/repository/com/github/hiwepy/maven-embedder-spring-boot-starter/2.3.x.20240823.RELEASE/maven-embedder-spring-boot-starter-2.3.x.20240823.RELEASE.pom
[[1;34mINFO[m] Installing /Users/wandl/workspaces/workspace-ddd4j/workspace-ddd4j-boot-starters/maven-embedder-spring-boot-starter/target/maven-embedder-spring-boot-starter-2.3.x.20240823.RELEASE-sources.jar to /Users/wandl/.m2/repository/com/github/hiwepy/maven-embedder-spring-boot-starter/2.3.x.20240823.RELEASE/maven-embedder-spring-boot-starter-2.3.x.20240823.RELEASE-sources.jar
[[1;34mINFO[m] 
[[1;34mINFO[m] [1m--- [0;32mmaven-deploy-plugin:2.8.2:deploy[m [1m(default-deploy)[m @ [36mmaven-embedder-spring-boot-starter[0;1m ---[m
[[1;34mINFO[m] Using alternate deployment repository maven-releases::default::https://packages.aliyun.com/5fdc0afd99b59ba3c5ead757/maven/maven-releases
Uploading to maven-releases: https://packages.aliyun.com/5fdc0afd99b59ba3c5ead757/maven/maven-releases/com/github/hiwepy/maven-embedder-spring-boot-starter/2.3.x.20240823.RELEASE/maven-embedder-spring-boot-starter-2.3.x.20240823.RELEASE.jar
Progress (1): 4.1/15 kB
Progress (1): 8.2/15 kB
Progress (1): 12/15 kB 
Progress (1): 15 kB   
                   
Uploaded to maven-releases: https://packages.aliyun.com/5fdc0afd99b59ba3c5ead757/maven/maven-releases/com/github/hiwepy/maven-embedder-spring-boot-starter/2.3.x.20240823.RELEASE/maven-embedder-spring-boot-starter-2.3.x.20240823.RELEASE.jar (15 kB at 13 kB/s)
Uploading to maven-releases: https://packages.aliyun.com/5fdc0afd99b59ba3c5ead757/maven/maven-releases/com/github/hiwepy/maven-embedder-spring-boot-starter/2.3.x.20240823.RELEASE/maven-embedder-spring-boot-starter-2.3.x.20240823.RELEASE.pom
Progress (1): 4.1/19 kB
Progress (1): 8.2/19 kB
Progress (1): 12/19 kB 
Progress (1): 16/19 kB
Progress (1): 19 kB   
                   
Uploaded to maven-releases: https://packages.aliyun.com/5fdc0afd99b59ba3c5ead757/maven/maven-releases/com/github/hiwepy/maven-embedder-spring-boot-starter/2.3.x.20240823.RELEASE/maven-embedder-spring-boot-starter-2.3.x.20240823.RELEASE.pom (19 kB at 19 kB/s)
Downloading from maven-releases: https://packages.aliyun.com/5fdc0afd99b59ba3c5ead757/maven/maven-releases/com/github/hiwepy/maven-embedder-spring-boot-starter/maven-metadata.xml
Uploading to maven-releases: https://packages.aliyun.com/5fdc0afd99b59ba3c5ead757/maven/maven-releases/com/github/hiwepy/maven-embedder-spring-boot-starter/maven-metadata.xml
Progress (1): 365 B
                   
Uploaded to maven-releases: https://packages.aliyun.com/5fdc0afd99b59ba3c5ead757/maven/maven-releases/com/github/hiwepy/maven-embedder-spring-boot-starter/maven-metadata.xml (365 B at 286 B/s)
Uploading to maven-releases: https://packages.aliyun.com/5fdc0afd99b59ba3c5ead757/maven/maven-releases/com/github/hiwepy/maven-embedder-spring-boot-starter/2.3.x.20240823.RELEASE/maven-embedder-spring-boot-starter-2.3.x.20240823.RELEASE-sources.jar
Progress (1): 4.1/12 kB
Progress (1): 8.2/12 kB
Progress (1): 12 kB    
                   
Uploaded to maven-releases: https://packages.aliyun.com/5fdc0afd99b59ba3c5ead757/maven/maven-releases/com/github/hiwepy/maven-embedder-spring-boot-starter/2.3.x.20240823.RELEASE/maven-embedder-spring-boot-starter-2.3.x.20240823.RELEASE-sources.jar (12 kB at 10 kB/s)
[[1;34mINFO[m] [1m------------------------------------------------------------------------[m
[[1;34mINFO[m] [1;32mBUILD SUCCESS[m
[[1;34mINFO[m] [1m------------------------------------------------------------------------[m
[[1;34mINFO[m] Total time:  10.330 s
[[1;34mINFO[m] Finished at: 2026-03-16T14:04:54+08:00
[[1;34mINFO[m] [1m------------------------------------------------------------------------[m
[maven-embedder-spring-boot-starter/2.3.x] 成功
[[1;34mINFO[m] Scanning for projects...
[[1;34mINFO[m] 
[[1;34mINFO[m] [1m--------< [0;36mio.github.hiwepy:maven-embedder-spring-boot-starter[0;1m >--------[m
[[1;34mINFO[m] [1mBuilding io.github.hiwepy:maven-embedder-spring-boot-starter 2.7.x.2024082302.RELEASE[m
[[1;34mINFO[m] [1m--------------------------------[ jar ]---------------------------------[m
[[1;34mINFO[m] 
[[1;34mINFO[m] [1m--- [0;32mmaven-clean-plugin:3.2.0:clean[m [1m(default-clean)[m @ [36mmaven-embedder-spring-boot-starter[0;1m ---[m
[[1;34mINFO[m] Deleting /Users/wandl/workspaces/workspace-ddd4j/workspace-ddd4j-boot-starters/maven-embedder-spring-boot-starter/target
[[1;34mINFO[m] 
[[1;34mINFO[m] [1m--- [0;32mmaven-enforcer-plugin:3.0.0:enforce[m [1m(default-cli)[m @ [36mmaven-embedder-spring-boot-starter[0;1m ---[m
[[1;34mINFO[m] 
[[1;34mINFO[m] [1m--- [0;32mmaven-resources-plugin:3.1.0:resources[m [1m(default-resources)[m @ [36mmaven-embedder-spring-boot-starter[0;1m ---[m
[[1;34mINFO[m] Using 'UTF-8' encoding to copy filtered resources.
[[1;34mINFO[m] Copying 0 resource
[[1;34mINFO[m] Copying 2 resources
[[1;34mINFO[m] 
[[1;34mINFO[m] [1m--- [0;32mmaven-compiler-plugin:3.10.1:compile[m [1m(default-compile)[m @ [36mmaven-embedder-spring-boot-starter[0;1m ---[m
[[1;34mINFO[m] Changes detected - recompiling the module!
[[1;34mINFO[m] Compiling 4 source files to /Users/wandl/workspaces/workspace-ddd4j/workspace-ddd4j-boot-starters/maven-embedder-spring-boot-starter/target/classes
[[1;34mINFO[m] 
[[1;34mINFO[m] [1m--- [0;32mmaven-resources-plugin:3.1.0:testResources[m [1m(default-testResources)[m @ [36mmaven-embedder-spring-boot-starter[0;1m ---[m
[[1;34mINFO[m] Not copying test resources
[[1;34mINFO[m] 
[[1;34mINFO[m] [1m--- [0;32mmaven-compiler-plugin:3.10.1:testCompile[m [1m(default-testCompile)[m @ [36mmaven-embedder-spring-boot-starter[0;1m ---[m
[[1;34mINFO[m] Not compiling test sources
[[1;34mINFO[m] 
[[1;34mINFO[m] [1m--- [0;32mmaven-surefire-plugin:2.22.1:test[m [1m(default-test)[m @ [36mmaven-embedder-spring-boot-starter[0;1m ---[m
[[1;34mINFO[m] Tests are skipped.
[[1;34mINFO[m] 
[[1;34mINFO[m] [1m--- [0;32mmaven-jar-plugin:3.1.1:jar[m [1m(default-jar)[m @ [36mmaven-embedder-spring-boot-starter[0;1m ---[m
[[1;34mINFO[m] Building jar: /Users/wandl/workspaces/workspace-ddd4j/workspace-ddd4j-boot-starters/maven-embedder-spring-boot-starter/target/maven-embedder-spring-boot-starter-2.7.x.2024082302.RELEASE.jar
[[1;34mINFO[m] 
[[1;34mINFO[m] [1m--- [0;32mmaven-source-plugin:3.2.1:jar-no-fork[m [1m(attach-sources)[m @ [36mmaven-embedder-spring-boot-starter[0;1m ---[m
[[1;34mINFO[m] Building jar: /Users/wandl/workspaces/workspace-ddd4j/workspace-ddd4j-boot-starters/maven-embedder-spring-boot-starter/target/maven-embedder-spring-boot-starter-2.7.x.2024082302.RELEASE-sources.jar
[[1;34mINFO[m] 
[[1;34mINFO[m] [1m--- [0;32mmaven-install-plugin:2.5.2:install[m [1m(default-install)[m @ [36mmaven-embedder-spring-boot-starter[0;1m ---[m
[[1;34mINFO[m] Installing /Users/wandl/workspaces/workspace-ddd4j/workspace-ddd4j-boot-starters/maven-embedder-spring-boot-starter/target/maven-embedder-spring-boot-starter-2.7.x.2024082302.RELEASE.jar to /Users/wandl/.m2/repository/com/github/hiwepy/maven-embedder-spring-boot-starter/2.7.x.2024082302.RELEASE/maven-embedder-spring-boot-starter-2.7.x.2024082302.RELEASE.jar
[[1;34mINFO[m] Installing /Users/wandl/workspaces/workspace-ddd4j/workspace-ddd4j-boot-starters/maven-embedder-spring-boot-starter/pom.xml to /Users/wandl/.m2/repository/com/github/hiwepy/maven-embedder-spring-boot-starter/2.7.x.2024082302.RELEASE/maven-embedder-spring-boot-starter-2.7.x.2024082302.RELEASE.pom
[[1;34mINFO[m] Installing /Users/wandl/workspaces/workspace-ddd4j/workspace-ddd4j-boot-starters/maven-embedder-spring-boot-starter/target/maven-embedder-spring-boot-starter-2.7.x.2024082302.RELEASE-sources.jar to /Users/wandl/.m2/repository/com/github/hiwepy/maven-embedder-spring-boot-starter/2.7.x.2024082302.RELEASE/maven-embedder-spring-boot-starter-2.7.x.2024082302.RELEASE-sources.jar
[[1;34mINFO[m] 
[[1;34mINFO[m] [1m--- [0;32mmaven-deploy-plugin:2.8.2:deploy[m [1m(default-deploy)[m @ [36mmaven-embedder-spring-boot-starter[0;1m ---[m
[[1;34mINFO[m] Using alternate deployment repository maven-releases::default::https://packages.aliyun.com/5fdc0afd99b59ba3c5ead757/maven/maven-releases
Uploading to maven-releases: https://packages.aliyun.com/5fdc0afd99b59ba3c5ead757/maven/maven-releases/com/github/hiwepy/maven-embedder-spring-boot-starter/2.7.x.2024082302.RELEASE/maven-embedder-spring-boot-starter-2.7.x.2024082302.RELEASE.jar
Progress (1): 4.1/15 kB
Progress (1): 8.2/15 kB
Progress (1): 12/15 kB 
Progress (1): 15 kB   
                   
Uploaded to maven-releases: https://packages.aliyun.com/5fdc0afd99b59ba3c5ead757/maven/maven-releases/com/github/hiwepy/maven-embedder-spring-boot-starter/2.7.x.2024082302.RELEASE/maven-embedder-spring-boot-starter-2.7.x.2024082302.RELEASE.jar (15 kB at 12 kB/s)
Uploading to maven-releases: https://packages.aliyun.com/5fdc0afd99b59ba3c5ead757/maven/maven-releases/com/github/hiwepy/maven-embedder-spring-boot-starter/2.7.x.2024082302.RELEASE/maven-embedder-spring-boot-starter-2.7.x.2024082302.RELEASE.pom
Progress (1): 4.1/19 kB
Progress (1): 8.2/19 kB
Progress (1): 12/19 kB 
Progress (1): 16/19 kB
Progress (1): 19 kB   
                   
Uploaded to maven-releases: https://packages.aliyun.com/5fdc0afd99b59ba3c5ead757/maven/maven-releases/com/github/hiwepy/maven-embedder-spring-boot-starter/2.7.x.2024082302.RELEASE/maven-embedder-spring-boot-starter-2.7.x.2024082302.RELEASE.pom (19 kB at 16 kB/s)
Downloading from maven-releases: https://packages.aliyun.com/5fdc0afd99b59ba3c5ead757/maven/maven-releases/com/github/hiwepy/maven-embedder-spring-boot-starter/maven-metadata.xml
Progress (1): 365 B
                   
Downloaded from maven-releases: https://packages.aliyun.com/5fdc0afd99b59ba3c5ead757/maven/maven-releases/com/github/hiwepy/maven-embedder-spring-boot-starter/maven-metadata.xml (365 B at 1.3 kB/s)
Uploading to maven-releases: https://packages.aliyun.com/5fdc0afd99b59ba3c5ead757/maven/maven-releases/com/github/hiwepy/maven-embedder-spring-boot-starter/maven-metadata.xml
Progress (1): 417 B
                   
Uploaded to maven-releases: https://packages.aliyun.com/5fdc0afd99b59ba3c5ead757/maven/maven-releases/com/github/hiwepy/maven-embedder-spring-boot-starter/maven-metadata.xml (417 B at 448 B/s)
Uploading to maven-releases: https://packages.aliyun.com/5fdc0afd99b59ba3c5ead757/maven/maven-releases/com/github/hiwepy/maven-embedder-spring-boot-starter/2.7.x.2024082302.RELEASE/maven-embedder-spring-boot-starter-2.7.x.2024082302.RELEASE-sources.jar
Progress (1): 4.1/12 kB
Progress (1): 8.2/12 kB
Progress (1): 12 kB    
                   
Uploaded to maven-releases: https://packages.aliyun.com/5fdc0afd99b59ba3c5ead757/maven/maven-releases/com/github/hiwepy/maven-embedder-spring-boot-starter/2.7.x.2024082302.RELEASE/maven-embedder-spring-boot-starter-2.7.x.2024082302.RELEASE-sources.jar (12 kB at 14 kB/s)
[[1;34mINFO[m] [1m------------------------------------------------------------------------[m
[[1;34mINFO[m] [1;32mBUILD SUCCESS[m
[[1;34mINFO[m] [1m------------------------------------------------------------------------[m
[[1;34mINFO[m] Total time:  5.444 s
[[1;34mINFO[m] Finished at: 2026-03-16T14:05:00+08:00
[[1;34mINFO[m] [1m------------------------------------------------------------------------[m
[maven-embedder-spring-boot-starter/2.7.x] 成功
[[1;34mINFO[m] Scanning for projects...
[[1;34mINFO[m] 
[[1;34mINFO[m] [1m--------< [0;36mio.github.hiwepy:maven-embedder-spring-boot-starter[0;1m >--------[m
[[1;34mINFO[m] [1mBuilding io.github.hiwepy:maven-embedder-spring-boot-starter 3.0.x.20251227-SNAPSHOT[m
[[1;34mINFO[m] [1m--------------------------------[ jar ]---------------------------------[m
[[1;34mINFO[m] 
[[1;34mINFO[m] [1m--- [0;32mmaven-clean-plugin:3.4.0:clean[m [1m(default-clean)[m @ [36mmaven-embedder-spring-boot-starter[0;1m ---[m
[[1;34mINFO[m] Deleting /Users/wandl/workspaces/workspace-ddd4j/workspace-ddd4j-boot-starters/maven-embedder-spring-boot-starter/target
[[1;34mINFO[m] 
[[1;34mINFO[m] [1m--- [0;32mmaven-enforcer-plugin:3.5.0:enforce[m [1m(default-cli)[m @ [36mmaven-embedder-spring-boot-starter[0;1m ---[m
[[1;34mINFO[m] Rule 1: org.apache.maven.enforcer.rules.version.RequireJavaVersion passed
[[1;34mINFO[m] [1m------------------------------------------------------------------------[m
[[1;34mINFO[m] [1;31mBUILD FAILURE[m
[[1;34mINFO[m] [1m------------------------------------------------------------------------[m
[[1;34mINFO[m] Total time:  0.312 s
[[1;34mINFO[m] Finished at: 2026-03-16T14:05:00+08:00
[[1;34mINFO[m] [1m------------------------------------------------------------------------[m
[[1;31mERROR[m] Failed to execute goal [32morg.apache.maven.plugins:maven-enforcer-plugin:3.5.0:enforce[m [1m(default-cli)[m on project [36mmaven-embedder-spring-boot-starter[m: [1;31m[m
[[1;31mERROR[m] [1;31mRule 0: org.apache.maven.enforcer.rules.version.RequireMavenVersion failed with message:[m
[[1;31mERROR[m] [1;31mYou are running an older version of Maven. This application requires at least Maven 3.9.9.[m
[[1;31mERROR[m] -> [1m[Help 1][m
[[1;31mERROR[m] 
[[1;31mERROR[m] To see the full stack trace of the errors, re-run Maven with the [1m-e[m switch.
[[1;31mERROR[m] Re-run Maven using the [1m-X[m switch to enable full debug logging.
[[1;31mERROR[m] 
[[1;31mERROR[m] For more information about the errors and possible solutions, please read the following articles:
[[1;31mERROR[m] [1m[Help 1][m http://cwiki.apache.org/confluence/display/MAVEN/MojoExecutionException
[maven-embedder-spring-boot-starter/3.0.x] 失败 - 查看日志
[[1;34mINFO[m] Scanning for projects...
[[1;34mINFO[m] 
[[1;34mINFO[m] [1m--------< [0;36mio.github.hiwepy:maven-embedder-spring-boot-starter[0;1m >--------[m
[[1;34mINFO[m] [1mBuilding io.github.hiwepy:maven-embedder-spring-boot-starter 3.1.x.20251227-SNAPSHOT[m
[[1;34mINFO[m] [1m--------------------------------[ jar ]---------------------------------[m
[[1;34mINFO[m] 
[[1;34mINFO[m] [1m--- [0;32mmaven-clean-plugin:3.4.0:clean[m [1m(default-clean)[m @ [36mmaven-embedder-spring-boot-starter[0;1m ---[m
[[1;34mINFO[m] 
[[1;34mINFO[m] [1m--- [0;32mmaven-enforcer-plugin:3.5.0:enforce[m [1m(default-cli)[m @ [36mmaven-embedder-spring-boot-starter[0;1m ---[m
[[1;34mINFO[m] Rule 1: org.apache.maven.enforcer.rules.version.RequireJavaVersion passed
[[1;34mINFO[m] [1m------------------------------------------------------------------------[m
[[1;34mINFO[m] [1;31mBUILD FAILURE[m
[[1;34mINFO[m] [1m------------------------------------------------------------------------[m
[[1;34mINFO[m] Total time:  0.294 s
[[1;34mINFO[m] Finished at: 2026-03-16T14:05:01+08:00
[[1;34mINFO[m] [1m------------------------------------------------------------------------[m
[[1;31mERROR[m] Failed to execute goal [32morg.apache.maven.plugins:maven-enforcer-plugin:3.5.0:enforce[m [1m(default-cli)[m on project [36mmaven-embedder-spring-boot-starter[m: [1;31m[m
[[1;31mERROR[m] [1;31mRule 0: org.apache.maven.enforcer.rules.version.RequireMavenVersion failed with message:[m
[[1;31mERROR[m] [1;31mYou are running an older version of Maven. This application requires at least Maven 3.9.9.[m
[[1;31mERROR[m] -> [1m[Help 1][m
[[1;31mERROR[m] 
[[1;31mERROR[m] To see the full stack trace of the errors, re-run Maven with the [1m-e[m switch.
[[1;31mERROR[m] Re-run Maven using the [1m-X[m switch to enable full debug logging.
[[1;31mERROR[m] 
[[1;31mERROR[m] For more information about the errors and possible solutions, please read the following articles:
[[1;31mERROR[m] [1m[Help 1][m http://cwiki.apache.org/confluence/display/MAVEN/MojoExecutionException
[maven-embedder-spring-boot-starter/3.1.x] 失败 - 查看日志
[[1;34mINFO[m] Scanning for projects...
[[1;34mINFO[m] 
[[1;34mINFO[m] [1m--------< [0;36mio.github.hiwepy:maven-embedder-spring-boot-starter[0;1m >--------[m
[[1;34mINFO[m] [1mBuilding io.github.hiwepy:maven-embedder-spring-boot-starter 3.2.x.20251227-SNAPSHOT[m
[[1;34mINFO[m] [1m--------------------------------[ jar ]---------------------------------[m
[[1;34mINFO[m] 
[[1;34mINFO[m] [1m--- [0;32mmaven-clean-plugin:3.4.0:clean[m [1m(default-clean)[m @ [36mmaven-embedder-spring-boot-starter[0;1m ---[m
[[1;34mINFO[m] 
[[1;34mINFO[m] [1m--- [0;32mmaven-enforcer-plugin:3.5.0:enforce[m [1m(default-cli)[m @ [36mmaven-embedder-spring-boot-starter[0;1m ---[m
[[1;34mINFO[m] Rule 1: org.apache.maven.enforcer.rules.version.RequireJavaVersion passed
[[1;34mINFO[m] [1m------------------------------------------------------------------------[m
[[1;34mINFO[m] [1;31mBUILD FAILURE[m
[[1;34mINFO[m] [1m------------------------------------------------------------------------[m
[[1;34mINFO[m] Total time:  0.293 s
[[1;34mINFO[m] Finished at: 2026-03-16T14:05:02+08:00
[[1;34mINFO[m] [1m------------------------------------------------------------------------[m
[[1;31mERROR[m] Failed to execute goal [32morg.apache.maven.plugins:maven-enforcer-plugin:3.5.0:enforce[m [1m(default-cli)[m on project [36mmaven-embedder-spring-boot-starter[m: [1;31m[m
[[1;31mERROR[m] [1;31mRule 0: org.apache.maven.enforcer.rules.version.RequireMavenVersion failed with message:[m
[[1;31mERROR[m] [1;31mYou are running an older version of Maven. This application requires at least Maven 3.9.9.[m
[[1;31mERROR[m] -> [1m[Help 1][m
[[1;31mERROR[m] 
[[1;31mERROR[m] To see the full stack trace of the errors, re-run Maven with the [1m-e[m switch.
[[1;31mERROR[m] Re-run Maven using the [1m-X[m switch to enable full debug logging.
[[1;31mERROR[m] 
[[1;31mERROR[m] For more information about the errors and possible solutions, please read the following articles:
[[1;31mERROR[m] [1m[Help 1][m http://cwiki.apache.org/confluence/display/MAVEN/MojoExecutionException
[maven-embedder-spring-boot-starter/3.2.x] 失败 - 查看日志
[[1;34mINFO[m] Scanning for projects...
[[1;34mINFO[m] 
[[1;34mINFO[m] [1m--------< [0;36mio.github.hiwepy:maven-embedder-spring-boot-starter[0;1m >--------[m
[[1;34mINFO[m] [1mBuilding io.github.hiwepy:maven-embedder-spring-boot-starter 3.3.x.20251227-SNAPSHOT[m
[[1;34mINFO[m] [1m--------------------------------[ jar ]---------------------------------[m
[[1;34mINFO[m] 
[[1;34mINFO[m] [1m--- [0;32mmaven-clean-plugin:3.4.0:clean[m [1m(default-clean)[m @ [36mmaven-embedder-spring-boot-starter[0;1m ---[m
[[1;34mINFO[m] 
[[1;34mINFO[m] [1m--- [0;32mmaven-enforcer-plugin:3.5.0:enforce[m [1m(default-cli)[m @ [36mmaven-embedder-spring-boot-starter[0;1m ---[m
[[1;34mINFO[m] Rule 1: org.apache.maven.enforcer.rules.version.RequireJavaVersion passed
[[1;34mINFO[m] [1m------------------------------------------------------------------------[m
[[1;34mINFO[m] [1;31mBUILD FAILURE[m
[[1;34mINFO[m] [1m------------------------------------------------------------------------[m
[[1;34mINFO[m] Total time:  0.301 s
[[1;34mINFO[m] Finished at: 2026-03-16T14:05:03+08:00
[[1;34mINFO[m] [1m------------------------------------------------------------------------[m
[[1;31mERROR[m] Failed to execute goal [32morg.apache.maven.plugins:maven-enforcer-plugin:3.5.0:enforce[m [1m(default-cli)[m on project [36mmaven-embedder-spring-boot-starter[m: [1;31m[m
[[1;31mERROR[m] [1;31mRule 0: org.apache.maven.enforcer.rules.version.RequireMavenVersion failed with message:[m
[[1;31mERROR[m] [1;31mYou are running an older version of Maven. This application requires at least Maven 3.9.9.[m
[[1;31mERROR[m] -> [1m[Help 1][m
[[1;31mERROR[m] 
[[1;31mERROR[m] To see the full stack trace of the errors, re-run Maven with the [1m-e[m switch.
[[1;31mERROR[m] Re-run Maven using the [1m-X[m switch to enable full debug logging.
[[1;31mERROR[m] 
[[1;31mERROR[m] For more information about the errors and possible solutions, please read the following articles:
[[1;31mERROR[m] [1m[Help 1][m http://cwiki.apache.org/confluence/display/MAVEN/MojoExecutionException
[maven-embedder-spring-boot-starter/3.3.x] 失败 - 查看日志
[[1;34mINFO[m] Scanning for projects...
[[1;34mINFO[m] 
[[1;34mINFO[m] [1m--------< [0;36mio.github.hiwepy:maven-embedder-spring-boot-starter[0;1m >--------[m
[[1;34mINFO[m] [1mBuilding io.github.hiwepy:maven-embedder-spring-boot-starter 3.4.x.20251227-SNAPSHOT[m
[[1;34mINFO[m] [1m--------------------------------[ jar ]---------------------------------[m
[[1;34mINFO[m] 
[[1;34mINFO[m] [1m--- [0;32mmaven-clean-plugin:3.4.0:clean[m [1m(default-clean)[m @ [36mmaven-embedder-spring-boot-starter[0;1m ---[m
[[1;34mINFO[m] 
[[1;34mINFO[m] [1m--- [0;32mmaven-enforcer-plugin:3.5.0:enforce[m [1m(default-cli)[m @ [36mmaven-embedder-spring-boot-starter[0;1m ---[m
[[1;34mINFO[m] Rule 1: org.apache.maven.enforcer.rules.version.RequireJavaVersion passed
[[1;34mINFO[m] [1m------------------------------------------------------------------------[m
[[1;34mINFO[m] [1;31mBUILD FAILURE[m
[[1;34mINFO[m] [1m------------------------------------------------------------------------[m
[[1;34mINFO[m] Total time:  0.298 s
[[1;34mINFO[m] Finished at: 2026-03-16T14:05:03+08:00
[[1;34mINFO[m] [1m------------------------------------------------------------------------[m
[[1;31mERROR[m] Failed to execute goal [32morg.apache.maven.plugins:maven-enforcer-plugin:3.5.0:enforce[m [1m(default-cli)[m on project [36mmaven-embedder-spring-boot-starter[m: [1;31m[m
[[1;31mERROR[m] [1;31mRule 0: org.apache.maven.enforcer.rules.version.RequireMavenVersion failed with message:[m
[[1;31mERROR[m] [1;31mYou are running an older version of Maven. This application requires at least Maven 3.9.9.[m
[[1;31mERROR[m] -> [1m[Help 1][m
[[1;31mERROR[m] 
[[1;31mERROR[m] To see the full stack trace of the errors, re-run Maven with the [1m-e[m switch.
[[1;31mERROR[m] Re-run Maven using the [1m-X[m switch to enable full debug logging.
[[1;31mERROR[m] 
[[1;31mERROR[m] For more information about the errors and possible solutions, please read the following articles:
[[1;31mERROR[m] [1m[Help 1][m http://cwiki.apache.org/confluence/display/MAVEN/MojoExecutionException
[maven-embedder-spring-boot-starter/3.4.x] 失败 - 查看日志
[[1;34mINFO[m] Scanning for projects...
[[1;34mINFO[m] 
[[1;34mINFO[m] [1m--------< [0;36mio.github.hiwepy:maven-embedder-spring-boot-starter[0;1m >--------[m
[[1;34mINFO[m] [1mBuilding io.github.hiwepy:maven-embedder-spring-boot-starter 3.5.x.20251227-SNAPSHOT[m
[[1;34mINFO[m] [1m--------------------------------[ jar ]---------------------------------[m
[[1;34mINFO[m] 
[[1;34mINFO[m] [1m--- [0;32mmaven-clean-plugin:3.4.0:clean[m [1m(default-clean)[m @ [36mmaven-embedder-spring-boot-starter[0;1m ---[m
[[1;34mINFO[m] 
[[1;34mINFO[m] [1m--- [0;32mmaven-enforcer-plugin:3.5.0:enforce[m [1m(default-cli)[m @ [36mmaven-embedder-spring-boot-starter[0;1m ---[m
[[1;34mINFO[m] Rule 1: org.apache.maven.enforcer.rules.version.RequireJavaVersion passed
[[1;34mINFO[m] [1m------------------------------------------------------------------------[m
[[1;34mINFO[m] [1;31mBUILD FAILURE[m
[[1;34mINFO[m] [1m------------------------------------------------------------------------[m
[[1;34mINFO[m] Total time:  0.301 s
[[1;34mINFO[m] Finished at: 2026-03-16T14:05:04+08:00
[[1;34mINFO[m] [1m------------------------------------------------------------------------[m
[[1;31mERROR[m] Failed to execute goal [32morg.apache.maven.plugins:maven-enforcer-plugin:3.5.0:enforce[m [1m(default-cli)[m on project [36mmaven-embedder-spring-boot-starter[m: [1;31m[m
[[1;31mERROR[m] [1;31mRule 0: org.apache.maven.enforcer.rules.version.RequireMavenVersion failed with message:[m
[[1;31mERROR[m] [1;31mYou are running an older version of Maven. This application requires at least Maven 3.9.9.[m
[[1;31mERROR[m] -> [1m[Help 1][m
[[1;31mERROR[m] 
[[1;31mERROR[m] To see the full stack trace of the errors, re-run Maven with the [1m-e[m switch.
[[1;31mERROR[m] Re-run Maven using the [1m-X[m switch to enable full debug logging.
[[1;31mERROR[m] 
[[1;31mERROR[m] For more information about the errors and possible solutions, please read the following articles:
[[1;31mERROR[m] [1m[Help 1][m http://cwiki.apache.org/confluence/display/MAVEN/MojoExecutionException
[maven-embedder-spring-boot-starter/3.5.x] 失败 - 查看日志
[[1;34mINFO[m] Scanning for projects...
[[1;34mINFO[m] 
[[1;34mINFO[m] [1m--------< [0;36mio.github.hiwepy:maven-embedder-spring-boot-starter[0;1m >--------[m
[[1;34mINFO[m] [1mBuilding io.github.hiwepy:maven-embedder-spring-boot-starter 4.0.x.20251227-SNAPSHOT[m
[[1;34mINFO[m] [1m--------------------------------[ jar ]---------------------------------[m
[[1;34mINFO[m] 
[[1;34mINFO[m] [1m--- [0;32mmaven-clean-plugin:3.4.0:clean[m [1m(default-clean)[m @ [36mmaven-embedder-spring-boot-starter[0;1m ---[m
[[1;34mINFO[m] 
[[1;34mINFO[m] [1m--- [0;32mmaven-enforcer-plugin:3.5.0:enforce[m [1m(default-cli)[m @ [36mmaven-embedder-spring-boot-starter[0;1m ---[m
[[1;34mINFO[m] Rule 1: org.apache.maven.enforcer.rules.version.RequireJavaVersion passed
[[1;34mINFO[m] [1m------------------------------------------------------------------------[m
[[1;34mINFO[m] [1;31mBUILD FAILURE[m
[[1;34mINFO[m] [1m------------------------------------------------------------------------[m
[[1;34mINFO[m] Total time:  0.319 s
[[1;34mINFO[m] Finished at: 2026-03-16T14:05:05+08:00
[[1;34mINFO[m] [1m------------------------------------------------------------------------[m
[[1;31mERROR[m] Failed to execute goal [32morg.apache.maven.plugins:maven-enforcer-plugin:3.5.0:enforce[m [1m(default-cli)[m on project [36mmaven-embedder-spring-boot-starter[m: [1;31m[m
[[1;31mERROR[m] [1;31mRule 0: org.apache.maven.enforcer.rules.version.RequireMavenVersion failed with message:[m
[[1;31mERROR[m] [1;31mYou are running an older version of Maven. This application requires at least Maven 3.9.9.[m
[[1;31mERROR[m] -> [1m[Help 1][m
[[1;31mERROR[m] 
[[1;31mERROR[m] To see the full stack trace of the errors, re-run Maven with the [1m-e[m switch.
[[1;31mERROR[m] Re-run Maven using the [1m-X[m switch to enable full debug logging.
[[1;31mERROR[m] 
[[1;31mERROR[m] For more information about the errors and possible solutions, please read the following articles:
[[1;31mERROR[m] [1m[Help 1][m http://cwiki.apache.org/confluence/display/MAVEN/MojoExecutionException
[maven-embedder-spring-boot-starter/4.0.x] 失败 - 查看日志
[[1;34mINFO[m] Scanning for projects...
[[1;34mINFO[m] 
[[1;34mINFO[m] [1m--------< [0;36mio.github.hiwepy:maven-embedder-spring-boot-starter[0;1m >--------[m
[[1;34mINFO[m] [1mBuilding io.github.hiwepy:maven-embedder-spring-boot-starter 2.0.1-SNAPSHOT[m
[[1;34mINFO[m] [1m--------------------------------[ jar ]---------------------------------[m
Downloading from aiban-tianyin-core: https://aiban-maven.pkg.coding.net/repository/tianyin/core/org/apache/maven/maven-embedder/3.6.0/maven-embedder-3.6.0.pom
Progress (1): 4.1 kB
Progress (1): 6.2 kB
                    
Downloaded from aiban-tianyin-core: https://aiban-maven.pkg.coding.net/repository/tianyin/core/org/apache/maven/maven-embedder/3.6.0/maven-embedder-3.6.0.pom (6.2 kB at 11 kB/s)
Downloading from aiban-tianyin-core: https://aiban-maven.pkg.coding.net/repository/tianyin/core/org/apache/maven/maven/3.6.0/maven-3.6.0.pom
Progress (1): 3.9 kB
Progress (1): 8.0 kB
Progress (1): 11 kB 
Progress (1): 15 kB
Progress (1): 19 kB
Progress (1): 23 kB
Progress (1): 24 kB
                   
Downloaded from aiban-tianyin-core: https://aiban-maven.pkg.coding.net/repository/tianyin/core/org/apache/maven/maven/3.6.0/maven-3.6.0.pom (24 kB at 69 kB/s)
Downloading from aiban-tianyin-core: https://aiban-maven.pkg.coding.net/repository/tianyin/core/org/apache/maven/maven-settings/3.6.0/maven-settings-3.6.0.pom
Progress (1): 1.8 kB
                    
Downloaded from aiban-tianyin-core: https://aiban-maven.pkg.coding.net/repository/tianyin/core/org/apache/maven/maven-settings/3.6.0/maven-settings-3.6.0.pom (1.8 kB at 4.8 kB/s)
Downloading from aiban-tianyin-core: https://aiban-maven.pkg.coding.net/repository/tianyin/core/org/apache/maven/maven-settings-builder/3.6.0/maven-settings-builder-3.6.0.pom
Progress (1): 2.5 kB
                    
Downloaded from aiban-tianyin-core: https://aiban-maven.pkg.coding.net/repository/tianyin/core/org/apache/maven/maven-settings-builder/3.6.0/maven-settings-builder-3.6.0.pom (2.5 kB at 6.2 kB/s)
Downloading from aiban-tianyin-core: https://aiban-maven.pkg.coding.net/repository/tianyin/core/org/apache/maven/maven-builder-support/3.6.0/maven-builder-support-3.6.0.pom
Progress (1): 1.4 kB
                    
Downloaded from aiban-tianyin-core: https://aiban-maven.pkg.coding.net/repository/tianyin/core/org/apache/maven/maven-builder-support/3.6.0/maven-builder-support-3.6.0.pom (1.4 kB at 3.6 kB/s)
Downloading from aiban-tianyin-core: https://aiban-maven.pkg.coding.net/repository/tianyin/core/org/apache/maven/maven-core/3.6.0/maven-core-3.6.0.pom
Progress (1): 2.6 kB
Progress (1): 6.7 kB
Progress (1): 8.4 kB
                    
Downloaded from aiban-tianyin-core: https://aiban-maven.pkg.coding.net/repository/tianyin/core/org/apache/maven/maven-core/3.6.0/maven-core-3.6.0.pom (8.4 kB at 23 kB/s)
Downloading from aiban-tianyin-core: https://aiban-maven.pkg.coding.net/repository/tianyin/core/org/apache/maven/maven-model/3.6.0/maven-model-3.6.0.pom
Progress (1): 3.9 kB
                    
Downloaded from aiban-tianyin-core: https://aiban-maven.pkg.coding.net/repository/tianyin/core/org/apache/maven/maven-model/3.6.0/maven-model-3.6.0.pom (3.9 kB at 14 kB/s)
Downloading from aiban-tianyin-core: https://aiban-maven.pkg.coding.net/repository/tianyin/core/org/apache/maven/maven-repository-metadata/3.6.0/maven-repository-metadata-3.6.0.pom
Progress (1): 1.9 kB
                    
Downloaded from aiban-tianyin-core: https://aiban-maven.pkg.coding.net/repository/tianyin/core/org/apache/maven/maven-repository-metadata/3.6.0/maven-repository-metadata-3.6.0.pom (1.9 kB at 3.1 kB/s)
Downloading from aiban-tianyin-core: https://aiban-maven.pkg.coding.net/repository/tianyin/core/org/apache/maven/maven-artifact/3.6.0/maven-artifact-3.6.0.pom
Progress (1): 2.1 kB
                    
Downloaded from aiban-tianyin-core: https://aiban-maven.pkg.coding.net/repository/tianyin/core/org/apache/maven/maven-artifact/3.6.0/maven-artifact-3.6.0.pom (2.1 kB at 7.7 kB/s)
Downloading from aiban-tianyin-core: https://aiban-maven.pkg.coding.net/repository/tianyin/core/org/apache/maven/maven-plugin-api/3.6.0/maven-plugin-api-3.6.0.pom
Progress (1): 2.9 kB
                    
Downloaded from aiban-tianyin-core: https://aiban-maven.pkg.coding.net/repository/tianyin/core/org/apache/maven/maven-plugin-api/3.6.0/maven-plugin-api-3.6.0.pom (2.9 kB at 8.7 kB/s)
Downloading from aiban-tianyin-core: https://aiban-maven.pkg.coding.net/repository/tianyin/core/org/eclipse/sisu/org.eclipse.sisu.plexus/0.3.3/org.eclipse.sisu.plexus-0.3.3.pom
Progress (1): 2.6 kB
Progress (1): 4.2 kB
                    
Downloaded from aiban-tianyin-core: https://aiban-maven.pkg.coding.net/repository/tianyin/core/org/eclipse/sisu/org.eclipse.sisu.plexus/0.3.3/org.eclipse.sisu.plexus-0.3.3.pom (4.2 kB at 13 kB/s)
Downloading from aiban-tianyin-core: https://aiban-maven.pkg.coding.net/repository/tianyin/core/org/eclipse/sisu/sisu-plexus/0.3.3/sisu-plexus-0.3.3.pom
Progress (1): 4.0 kB
Progress (1): 6.9 kB
Progress (1): 11 kB 
Progress (1): 14 kB
                   
Downloaded from aiban-tianyin-core: https://aiban-maven.pkg.coding.net/repository/tianyin/core/org/eclipse/sisu/sisu-plexus/0.3.3/sisu-plexus-0.3.3.pom (14 kB at 45 kB/s)
Downloading from aiban-tianyin-core: https://aiban-maven.pkg.coding.net/repository/tianyin/core/org/codehaus/plexus/plexus-utils/3.0.17/plexus-utils-3.0.17.pom
Downloaded from aiban-tianyin-core: https://aiban-maven.pkg.coding.net/repository/tianyin/core/org/codehaus/plexus/plexus-utils/3.0.17/plexus-utils-3.0.17.pom (0 B at 0 B/s)
Downloading from aiban-tianyin-core: https://aiban-maven.pkg.coding.net/repository/tianyin/core/org/apache/maven/maven-model-builder/3.6.0/maven-model-builder-3.6.0.pom
Progress (1): 3.0 kB
                    
Downloaded from aiban-tianyin-core: https://aiban-maven.pkg.coding.net/repository/tianyin/core/org/apache/maven/maven-model-builder/3.6.0/maven-model-builder-3.6.0.pom (3.0 kB at 6.9 kB/s)
Downloading from aiban-tianyin-core: https://aiban-maven.pkg.coding.net/repository/tianyin/core/org/apache/maven/maven-resolver-provider/3.6.0/maven-resolver-provider-3.6.0.pom
Progress (1): 2.6 kB
Progress (1): 4.2 kB
                    
Downloaded from aiban-tianyin-core: https://aiban-maven.pkg.coding.net/repository/tianyin/core/org/apache/maven/maven-resolver-provider/3.6.0/maven-resolver-provider-3.6.0.pom (4.2 kB at 11 kB/s)
Downloading from aiban-tianyin-core: https://aiban-maven.pkg.coding.net/repository/tianyin/core/org/apache/maven/resolver/maven-resolver-api/1.3.1/maven-resolver-api-1.3.1.pom
Progress (1): 2.5 kB
                    
Downloaded from aiban-tianyin-core: https://aiban-maven.pkg.coding.net/repository/tianyin/core/org/apache/maven/resolver/maven-resolver-api/1.3.1/maven-resolver-api-1.3.1.pom (2.5 kB at 7.0 kB/s)
Downloading from aiban-tianyin-core: https://aiban-maven.pkg.coding.net/repository/tianyin/core/org/apache/maven/resolver/maven-resolver/1.3.1/maven-resolver-1.3.1.pom
Progress (1): 2.6 kB
Progress (1): 6.7 kB
Progress (1): 11 kB 
Progress (1): 14 kB
Progress (1): 17 kB
                   
Downloaded from aiban-tianyin-core: https://aiban-maven.pkg.coding.net/repository/tianyin/core/org/apache/maven/resolver/maven-resolver/1.3.1/maven-resolver-1.3.1.pom (17 kB at 40 kB/s)
Downloading from aiban-tianyin-core: https://aiban-maven.pkg.coding.net/repository/tianyin/core/org/apache/maven/resolver/maven-resolver-spi/1.3.1/maven-resolver-spi-1.3.1.pom
Progress (1): 2.6 kB
                    
Downloaded from aiban-tianyin-core: https://aiban-maven.pkg.coding.net/repository/tianyin/core/org/apache/maven/resolver/maven-resolver-spi/1.3.1/maven-resolver-spi-1.3.1.pom (2.6 kB at 6.3 kB/s)
Downloading from aiban-tianyin-core: https://aiban-maven.pkg.coding.net/repository/tianyin/core/org/apache/maven/resolver/maven-resolver-util/1.3.1/maven-resolver-util-1.3.1.pom
Progress (1): 2.7 kB
                    
Downloaded from aiban-tianyin-core: https://aiban-maven.pkg.coding.net/repository/tianyin/core/org/apache/maven/resolver/maven-resolver-util/1.3.1/maven-resolver-util-1.3.1.pom (2.7 kB at 7.6 kB/s)
Downloading from aiban-tianyin-core: https://aiban-maven.pkg.coding.net/repository/tianyin/core/org/apache/maven/resolver/maven-resolver-impl/1.3.1/maven-resolver-impl-1.3.1.pom
Progress (1): 3.9 kB
                    
Downloaded from aiban-tianyin-core: https://aiban-maven.pkg.coding.net/repository/tianyin/core/org/apache/maven/resolver/maven-resolver-impl/1.3.1/maven-resolver-impl-1.3.1.pom (3.9 kB at 10 kB/s)
Downloading from aiban-tianyin-core: https://aiban-maven.pkg.coding.net/repository/tianyin/core/com/google/inject/guice/4.2.1/guice-4.2.1.pom
Downloaded from aiban-tianyin-core: https://aiban-maven.pkg.coding.net/repository/tianyin/core/com/google/inject/guice/4.2.1/guice-4.2.1.pom (0 B at 0 B/s)
Downloading from aiban-tianyin-core: https://aiban-maven.pkg.coding.net/repository/tianyin/core/com/google/inject/guice-parent/4.2.1/guice-parent-4.2.1.pom
Downloaded from aiban-tianyin-core: https://aiban-maven.pkg.coding.net/repository/tianyin/core/com/google/inject/guice-parent/4.2.1/guice-parent-4.2.1.pom (0 B at 0 B/s)
Downloading from aiban-tianyin-core: https://aiban-maven.pkg.coding.net/repository/tianyin/core/com/google/guava/guava/25.1-android/guava-25.1-android.pom
Downloaded from aiban-tianyin-core: https://aiban-maven.pkg.coding.net/repository/tianyin/core/com/google/guava/guava/25.1-android/guava-25.1-android.pom (0 B at 0 B/s)
Downloading from aiban-tianyin-core: https://aiban-maven.pkg.coding.net/repository/tianyin/core/com/google/guava/guava-parent/25.1-android/guava-parent-25.1-android.pom
Downloaded from aiban-tianyin-core: https://aiban-maven.pkg.coding.net/repository/tianyin/core/com/google/guava/guava-parent/25.1-android/guava-parent-25.1-android.pom (0 B at 0 B/s)
Downloading from aiban-tianyin-core: https://aiban-maven.pkg.coding.net/repository/tianyin/core/org/checkerframework/checker-compat-qual/2.0.0/checker-compat-qual-2.0.0.pom
Progress (1): 2.6 kB
Progress (1): 4.2 kB
                    
Downloaded from aiban-tianyin-core: https://aiban-maven.pkg.coding.net/repository/tianyin/core/org/checkerframework/checker-compat-qual/2.0.0/checker-compat-qual-2.0.0.pom (4.2 kB at 10 kB/s)
Downloading from aiban-tianyin-core: https://aiban-maven.pkg.coding.net/repository/tianyin/core/com/google/errorprone/error_prone_annotations/2.1.3/error_prone_annotations-2.1.3.pom
Downloaded from aiban-tianyin-core: https://aiban-maven.pkg.coding.net/repository/tianyin/core/com/google/errorprone/error_prone_annotations/2.1.3/error_prone_annotations-2.1.3.pom (0 B at 0 B/s)
Downloading from aiban-tianyin-core: https://aiban-maven.pkg.coding.net/repository/tianyin/core/com/google/errorprone/error_prone_parent/2.1.3/error_prone_parent-2.1.3.pom
Downloaded from aiban-tianyin-core: https://aiban-maven.pkg.coding.net/repository/tianyin/core/com/google/errorprone/error_prone_parent/2.1.3/error_prone_parent-2.1.3.pom (0 B at 0 B/s)
Downloading from aiban-tianyin-core: https://aiban-maven.pkg.coding.net/repository/tianyin/core/org/sonatype/plexus/plexus-cipher/1.7/plexus-cipher-1.7.pom
Downloaded from aiban-tianyin-core: https://aiban-maven.pkg.coding.net/repository/tianyin/core/org/sonatype/plexus/plexus-cipher/1.7/plexus-cipher-1.7.pom (0 B at 0 B/s)
Downloading from aiban-tianyin-core: https://aiban-maven.pkg.coding.net/repository/tianyin/core/org/apache/maven/maven-embedder/3.6.0/maven-embedder-3.6.0.jar
Downloading from aiban-tianyin-core: https://aiban-maven.pkg.coding.net/repository/tianyin/core/org/apache/maven/maven-core/3.6.0/maven-core-3.6.0.jar
Downloading from aiban-tianyin-core: https://aiban-maven.pkg.coding.net/repository/tianyin/core/org/codehaus/plexus/plexus-interpolation/1.25/plexus-interpolation-1.25.jar
Downloading from aiban-tianyin-core: https://aiban-maven.pkg.coding.net/repository/tianyin/core/org/apache/maven/maven-settings-builder/3.6.0/maven-settings-builder-3.6.0.jar
Downloading from aiban-tianyin-core: https://aiban-maven.pkg.coding.net/repository/tianyin/core/org/apache/maven/maven-settings/3.6.0/maven-settings-3.6.0.jar
Progress (1): 4.1 kB
Progress (1): 8.2 kB
Progress (1): 12 kB 
Progress (1): 16 kB
Progress (1): 20 kB
Progress (1): 25 kB
Progress (1): 29 kB
Progress (1): 32 kB
Progress (1): 36 kB
Progress (1): 39 kB
Progress (2): 39 kB | 3.8 kB
Progress (2): 39 kB | 7.9 kB
Progress (2): 39 kB | 11 kB 
Progress (2): 42 kB | 11 kB
Progress (2): 42 kB | 14 kB
Progress (2): 45 kB | 14 kB
Progress (2): 49 kB | 14 kB
Progress (2): 53 kB | 14 kB
Progress (2): 57 kB | 14 kB
Progress (2): 61 kB | 14 kB
Progress (2): 65 kB | 14 kB
Progress (2): 70 kB | 14 kB
Progress (2): 70 kB | 17 kB
Progress (2): 74 kB | 17 kB
Progress (2): 78 kB | 17 kB
Progress (2): 82 kB | 17 kB
Progress (2): 85 kB | 17 kB
Progress (2): 85 kB | 19 kB
Progress (2): 85 kB | 23 kB
Progress (2): 85 kB | 26 kB
Progress (2): 85 kB | 31 kB
Progress (2): 85 kB | 35 kB
Progress (2): 85 kB | 39 kB
Progress (2): 85 kB | 43 kB
Progress (2): 85 kB | 46 kB
Progress (2): 85 kB | 50 kB
Progress (2): 85 kB | 54 kB
Progress (2): 85 kB | 57 kB
Progress (2): 85 kB | 59 kB
Progress (2): 85 kB | 62 kB
Progress (2): 85 kB | 66 kB
Progress (2): 85 kB | 70 kB
Progress (2): 85 kB | 74 kB
Progress (2): 85 kB | 79 kB
Progress (2): 85 kB | 83 kB
Progress (2): 85 kB | 87 kB
Progress (2): 85 kB | 91 kB
Progress (2): 85 kB | 95 kB
Progress (2): 85 kB | 99 kB
Progress (2): 85 kB | 99 kB
Progress (3): 85 kB | 99 kB | 2.6 kB
Progress (4): 85 kB | 99 kB | 2.6 kB | 3.8 kB
Progress (4): 85 kB | 99 kB | 2.6 kB | 7.9 kB
Progress (4): 85 kB | 99 kB | 2.6 kB | 11 kB 
Progress (4): 85 kB | 99 kB | 6.7 kB | 11 kB
Progress (4): 85 kB | 99 kB | 11 kB | 11 kB 
Progress (4): 85 kB | 99 kB | 14 kB | 11 kB
Progress (4): 85 kB | 99 kB | 16 kB | 11 kB
Progress (4): 85 kB | 99 kB | 19 kB | 11 kB
Progress (4): 85 kB | 99 kB | 19 kB | 14 kB
Progress (4): 85 kB | 99 kB | 19 kB | 18 kB
Progress (4): 85 kB | 99 kB | 19 kB | 21 kB
Progress (4): 85 kB | 99 kB | 19 kB | 24 kB
Progress (4): 85 kB | 99 kB | 19 kB | 28 kB
Progress (4): 85 kB | 99 kB | 19 kB | 32 kB
Progress (4): 85 kB | 99 kB | 23 kB | 32 kB
Progress (4): 85 kB | 99 kB | 23 kB | 36 kB
Progress (4): 85 kB | 99 kB | 27 kB | 36 kB
Progress (4): 85 kB | 99 kB | 27 kB | 39 kB
Progress (4): 85 kB | 99 kB | 31 kB | 39 kB
Progress (4): 85 kB | 99 kB | 35 kB | 39 kB
Progress (4): 85 kB | 99 kB | 39 kB | 39 kB
Progress (4): 85 kB | 99 kB | 39 kB | 42 kB
Progress (4): 85 kB | 99 kB | 42 kB | 42 kB
Progress (4): 85 kB | 99 kB | 42 kB | 45 kB
Progress (4): 85 kB | 99 kB | 43 kB | 45 kB
                                           
Downloaded from aiban-tianyin-core: https://aiban-maven.pkg.coding.net/repository/tianyin/core/org/codehaus/plexus/plexus-interpolation/1.25/plexus-interpolation-1.25.jar (85 kB at 220 kB/s)
Downloading from aiban-tianyin-core: https://aiban-maven.pkg.coding.net/repository/tianyin/core/org/apache/maven/maven-repository-metadata/3.6.0/maven-repository-metadata-3.6.0.jar
Downloaded from aiban-tianyin-core: https://aiban-maven.pkg.coding.net/repository/tianyin/core/org/apache/maven/maven-embedder/3.6.0/maven-embedder-3.6.0.jar (99 kB at 216 kB/s)
Downloading from aiban-tianyin-core: https://aiban-maven.pkg.coding.net/repository/tianyin/core/org/apache/maven/maven-artifact/3.6.0/maven-artifact-3.6.0.jar
Progress (3): 43 kB | 45 kB | 2.6 kB
Progress (3): 43 kB | 45 kB | 6.7 kB
Progress (3): 43 kB | 45 kB | 11 kB 
Progress (3): 43 kB | 45 kB | 14 kB
Progress (3): 43 kB | 45 kB | 17 kB
Progress (3): 43 kB | 45 kB | 21 kB
Progress (3): 43 kB | 45 kB | 25 kB
Progress (3): 43 kB | 45 kB | 29 kB
Progress (3): 43 kB | 45 kB | 33 kB
Progress (3): 43 kB | 45 kB | 37 kB
Progress (3): 43 kB | 45 kB | 41 kB
Progress (3): 43 kB | 45 kB | 45 kB
Progress (3): 43 kB | 45 kB | 48 kB
Progress (3): 43 kB | 45 kB | 51 kB
Progress (3): 43 kB | 45 kB | 55 kB
                                   
Downloaded from aiban-tianyin-core: https://aiban-maven.pkg.coding.net/repository/tianyin/core/org/apache/maven/maven-settings-builder/3.6.0/maven-settings-builder-3.6.0.jar (43 kB at 87 kB/s)
Progress (2): 45 kB | 59 kB
                           
Downloading from aiban-tianyin-core: https://aiban-maven.pkg.coding.net/repository/tianyin/core/org/apache/maven/maven-resolver-provider/3.6.0/maven-resolver-provider-3.6.0.jar
Progress (2): 45 kB | 64 kB
Progress (2): 45 kB | 68 kB
Progress (2): 45 kB | 72 kB
Progress (2): 45 kB | 76 kB
Progress (2): 45 kB | 80 kB
Progress (2): 45 kB | 84 kB
Progress (2): 45 kB | 87 kB
Progress (2): 45 kB | 90 kB
Progress (2): 45 kB | 94 kB
                           
Downloaded from aiban-tianyin-core: https://aiban-maven.pkg.coding.net/repository/tianyin/core/org/apache/maven/maven-settings/3.6.0/maven-settings-3.6.0.jar (45 kB at 88 kB/s)
Downloading from aiban-tianyin-core: https://aiban-maven.pkg.coding.net/repository/tianyin/core/org/apache/maven/resolver/maven-resolver-impl/1.3.1/maven-resolver-impl-1.3.1.jar
Progress (1): 98 kB
Progress (1): 102 kB
Progress (1): 106 kB
Progress (1): 108 kB
Progress (1): 111 kB
Progress (1): 115 kB
Progress (1): 118 kB
Progress (1): 122 kB
Progress (1): 126 kB
Progress (1): 130 kB
Progress (1): 134 kB
Progress (1): 138 kB
Progress (1): 142 kB
Progress (1): 146 kB
Progress (1): 150 kB
Progress (1): 154 kB
Progress (1): 159 kB
Progress (1): 163 kB
Progress (1): 167 kB
Progress (1): 171 kB
Progress (1): 175 kB
Progress (1): 179 kB
Progress (1): 183 kB
Progress (1): 187 kB
Progress (1): 191 kB
Progress (1): 195 kB
Progress (1): 199 kB
Progress (1): 204 kB
Progress (1): 208 kB
Progress (1): 212 kB
Progress (1): 216 kB
Progress (1): 220 kB
Progress (1): 224 kB
Progress (1): 228 kB
Progress (1): 232 kB
Progress (1): 236 kB
Progress (1): 240 kB
Progress (1): 245 kB
Progress (1): 249 kB
Progress (1): 253 kB
Progress (1): 257 kB
Progress (1): 261 kB
Progress (1): 265 kB
Progress (1): 269 kB
Progress (1): 273 kB
Progress (1): 277 kB
Progress (1): 281 kB
Progress (1): 286 kB
Progress (1): 290 kB
Progress (1): 294 kB
Progress (1): 298 kB
Progress (1): 302 kB
Progress (1): 306 kB
Progress (1): 310 kB
Progress (1): 314 kB
Progress (1): 318 kB
Progress (1): 322 kB
Progress (1): 326 kB
Progress (1): 331 kB
Progress (1): 335 kB
Progress (1): 339 kB
Progress (1): 343 kB
Progress (1): 347 kB
Progress (1): 351 kB
Progress (1): 355 kB
Progress (1): 359 kB
Progress (1): 363 kB
Progress (1): 367 kB
Progress (1): 372 kB
Progress (1): 376 kB
Progress (1): 380 kB
Progress (1): 384 kB
Progress (1): 388 kB
Progress (1): 392 kB
Progress (1): 396 kB
Progress (1): 400 kB
Progress (1): 404 kB
Progress (1): 408 kB
Progress (1): 412 kB
Progress (1): 417 kB
Progress (1): 421 kB
Progress (1): 425 kB
Progress (1): 429 kB
Progress (1): 433 kB
Progress (1): 437 kB
Progress (1): 441 kB
Progress (1): 445 kB
Progress (1): 449 kB
Progress (1): 453 kB
Progress (1): 458 kB
Progress (1): 462 kB
Progress (1): 466 kB
Progress (1): 470 kB
Progress (1): 474 kB
Progress (1): 478 kB
Progress (1): 482 kB
Progress (1): 486 kB
Progress (1): 490 kB
Progress (1): 494 kB
Progress (1): 498 kB
Progress (1): 503 kB
Progress (1): 507 kB
Progress (1): 511 kB
Progress (1): 515 kB
Progress (1): 519 kB
Progress (1): 523 kB
Progress (1): 527 kB
Progress (1): 531 kB
Progress (1): 535 kB
Progress (1): 539 kB
Progress (1): 544 kB
Progress (1): 548 kB
Progress (1): 552 kB
Progress (1): 556 kB
Progress (1): 560 kB
Progress (1): 564 kB
Progress (1): 568 kB
Progress (1): 572 kB
Progress (1): 576 kB
Progress (1): 580 kB
Progress (1): 585 kB
Progress (1): 589 kB
Progress (1): 593 kB
Progress (1): 597 kB
Progress (1): 601 kB
Progress (1): 605 kB
Progress (1): 609 kB
Progress (1): 613 kB
Progress (1): 617 kB
Progress (1): 621 kB
Progress (1): 625 kB
Progress (1): 630 kB
Progress (1): 632 kB
Progress (2): 632 kB | 4.0 kB
Progress (2): 632 kB | 8.1 kB
Progress (2): 632 kB | 12 kB 
Progress (2): 632 kB | 15 kB
Progress (2): 632 kB | 18 kB
Progress (2): 632 kB | 21 kB
Progress (3): 632 kB | 21 kB | 2.6 kB
Progress (3): 632 kB | 25 kB | 2.6 kB
Progress (3): 632 kB | 25 kB | 6.7 kB
Progress (3): 632 kB | 27 kB | 6.7 kB
Progress (3): 632 kB | 27 kB | 11 kB 
Progress (3): 632 kB | 27 kB | 14 kB
Progress (3): 632 kB | 27 kB | 17 kB
Progress (3): 632 kB | 27 kB | 21 kB
Progress (3): 632 kB | 27 kB | 25 kB
Progress (3): 632 kB | 27 kB | 29 kB
Progress (3): 632 kB | 27 kB | 33 kB
Progress (3): 632 kB | 27 kB | 36 kB
Progress (3): 632 kB | 27 kB | 39 kB
Progress (3): 632 kB | 27 kB | 42 kB
Progress (3): 632 kB | 27 kB | 46 kB
Progress (3): 632 kB | 27 kB | 50 kB
Progress (3): 632 kB | 27 kB | 54 kB
Progress (3): 632 kB | 27 kB | 55 kB
Progress (4): 632 kB | 27 kB | 55 kB | 4.1 kB
Progress (4): 632 kB | 27 kB | 55 kB | 8.2 kB
Progress (4): 632 kB | 27 kB | 55 kB | 11 kB 
                                            
Downloaded from aiban-tianyin-core: https://aiban-maven.pkg.coding.net/repository/tianyin/core/org/apache/maven/maven-core/3.6.0/maven-core-3.6.0.jar (632 kB at 846 kB/s)
Progress (3): 27 kB | 55 kB | 15 kB
                                   
Downloading from aiban-tianyin-core: https://aiban-maven.pkg.coding.net/repository/tianyin/core/org/apache/maven/resolver/maven-resolver-spi/1.3.1/maven-resolver-spi-1.3.1.jar
Progress (3): 27 kB | 55 kB | 19 kB
Progress (3): 27 kB | 55 kB | 23 kB
Progress (3): 27 kB | 55 kB | 27 kB
Progress (3): 27 kB | 55 kB | 31 kB
Progress (3): 27 kB | 55 kB | 33 kB
Progress (3): 27 kB | 55 kB | 38 kB
Progress (3): 27 kB | 55 kB | 40 kB
Progress (3): 27 kB | 55 kB | 44 kB
Progress (3): 27 kB | 55 kB | 47 kB
Progress (3): 27 kB | 55 kB | 51 kB
Progress (3): 27 kB | 55 kB | 56 kB
Progress (3): 27 kB | 55 kB | 60 kB
Progress (3): 27 kB | 55 kB | 64 kB
Progress (3): 27 kB | 55 kB | 67 kB
                                   
Downloaded from aiban-tianyin-core: https://aiban-maven.pkg.coding.net/repository/tianyin/core/org/apache/maven/maven-repository-metadata/3.6.0/maven-repository-metadata-3.6.0.jar (27 kB at 35 kB/s)
Downloading from aiban-tianyin-core: https://aiban-maven.pkg.coding.net/repository/tianyin/core/org/eclipse/sisu/org.eclipse.sisu.inject/0.3.3/org.eclipse.sisu.inject-0.3.3.jar
Downloaded from aiban-tianyin-core: https://aiban-maven.pkg.coding.net/repository/tianyin/core/org/apache/maven/maven-artifact/3.6.0/maven-artifact-3.6.0.jar (55 kB at 68 kB/s)
Downloading from aiban-tianyin-core: https://aiban-maven.pkg.coding.net/repository/tianyin/core/org/apache/maven/maven-plugin-api/3.6.0/maven-plugin-api-3.6.0.jar
Progress (2): 67 kB | 2.6 kB
Progress (2): 67 kB | 6.7 kB
Progress (2): 67 kB | 11 kB 
Progress (2): 67 kB | 14 kB
Progress (2): 67 kB | 18 kB
Progress (2): 67 kB | 21 kB
Progress (2): 67 kB | 24 kB
Progress (2): 67 kB | 28 kB
Progress (2): 67 kB | 32 kB
Progress (2): 67 kB | 35 kB
Progress (2): 67 kB | 38 kB
Progress (2): 67 kB | 42 kB
Progress (2): 67 kB | 45 kB
Progress (2): 67 kB | 47 kB
Progress (2): 67 kB | 52 kB
Progress (2): 67 kB | 56 kB
Progress (2): 67 kB | 58 kB
Progress (2): 67 kB | 63 kB
Progress (2): 67 kB | 67 kB
Progress (2): 67 kB | 71 kB
Progress (2): 67 kB | 75 kB
Progress (2): 67 kB | 79 kB
Progress (2): 67 kB | 83 kB
Progress (2): 67 kB | 87 kB
Progress (2): 67 kB | 91 kB
Progress (2): 67 kB | 95 kB
Progress (2): 67 kB | 99 kB
Progress (2): 67 kB | 103 kB
Progress (2): 67 kB | 107 kB
Progress (2): 67 kB | 111 kB
Progress (2): 67 kB | 115 kB
Progress (2): 67 kB | 118 kB
Progress (2): 67 kB | 120 kB
Progress (2): 67 kB | 123 kB
Progress (2): 67 kB | 127 kB
Progress (2): 67 kB | 131 kB
Progress (2): 67 kB | 135 kB
Progress (2): 67 kB | 140 kB
Progress (2): 67 kB | 144 kB
Progress (2): 67 kB | 148 kB
Progress (2): 67 kB | 152 kB
Progress (2): 67 kB | 156 kB
Progress (2): 67 kB | 160 kB
Progress (2): 67 kB | 164 kB
Progress (2): 67 kB | 168 kB
Progress (2): 67 kB | 172 kB
Progress (2): 67 kB | 176 kB
Progress (2): 67 kB | 181 kB
Progress (2): 67 kB | 182 kB
                            
Downloaded from aiban-tianyin-core: https://aiban-maven.pkg.coding.net/repository/tianyin/core/org/apache/maven/maven-resolver-provider/3.6.0/maven-resolver-provider-3.6.0.jar (67 kB at 70 kB/s)
Downloading from aiban-tianyin-core: https://aiban-maven.pkg.coding.net/repository/tianyin/core/org/apache/maven/maven-model/3.6.0/maven-model-3.6.0.jar
Progress (2): 182 kB | 2.6 kB
Progress (2): 182 kB | 6.7 kB
Progress (2): 182 kB | 11 kB 
Progress (2): 182 kB | 15 kB
Progress (2): 182 kB | 18 kB
Progress (2): 182 kB | 22 kB
Progress (2): 182 kB | 26 kB
Progress (2): 182 kB | 30 kB
Progress (2): 182 kB | 34 kB
Progress (2): 182 kB | 36 kB
Progress (2): 182 kB | 41 kB
Progress (2): 182 kB | 45 kB
Progress (3): 182 kB | 45 kB | 4.1 kB
Progress (3): 182 kB | 49 kB | 4.1 kB
Progress (3): 182 kB | 49 kB | 8.2 kB
Progress (3): 182 kB | 49 kB | 12 kB 
Progress (3): 182 kB | 49 kB | 16 kB
Progress (3): 182 kB | 49 kB | 19 kB
Progress (3): 182 kB | 49 kB | 23 kB
Progress (3): 182 kB | 49 kB | 28 kB
Progress (3): 182 kB | 49 kB | 32 kB
Progress (3): 182 kB | 49 kB | 36 kB
Progress (3): 182 kB | 49 kB | 40 kB
Progress (3): 182 kB | 49 kB | 44 kB
Progress (4): 182 kB | 49 kB | 44 kB | 2.6 kB
Progress (4): 182 kB | 49 kB | 46 kB | 2.6 kB
Progress (4): 182 kB | 49 kB | 48 kB | 2.6 kB
Progress (4): 182 kB | 49 kB | 48 kB | 6.7 kB
Progress (4): 182 kB | 49 kB | 48 kB | 11 kB 
Progress (4): 182 kB | 49 kB | 48 kB | 14 kB
Progress (4): 182 kB | 49 kB | 48 kB | 18 kB
Progress (4): 182 kB | 49 kB | 48 kB | 22 kB
Progress (4): 182 kB | 49 kB | 48 kB | 26 kB
Progress (4): 182 kB | 53 kB | 48 kB | 26 kB
Progress (4): 182 kB | 53 kB | 48 kB | 30 kB
Progress (4): 182 kB | 56 kB | 48 kB | 30 kB
Progress (4): 182 kB | 56 kB | 48 kB | 34 kB
Progress (4): 182 kB | 59 kB | 48 kB | 34 kB
Progress (4): 182 kB | 59 kB | 48 kB | 37 kB
Progress (4): 182 kB | 62 kB | 48 kB | 37 kB
Progress (4): 182 kB | 62 kB | 48 kB | 37 kB
Progress (4): 182 kB | 64 kB | 48 kB | 37 kB
Progress (4): 182 kB | 67 kB | 48 kB | 37 kB
Progress (4): 182 kB | 71 kB | 48 kB | 37 kB
Progress (4): 182 kB | 74 kB | 48 kB | 37 kB
Progress (4): 182 kB | 78 kB | 48 kB | 37 kB
Progress (4): 182 kB | 82 kB | 48 kB | 37 kB
Progress (4): 182 kB | 86 kB | 48 kB | 37 kB
Progress (4): 182 kB | 90 kB | 48 kB | 37 kB
Progress (4): 182 kB | 95 kB | 48 kB | 37 kB
Progress (4): 182 kB | 99 kB | 48 kB | 37 kB
Progress (4): 182 kB | 103 kB | 48 kB | 37 kB
Progress (4): 182 kB | 107 kB | 48 kB | 37 kB
Progress (4): 182 kB | 111 kB | 48 kB | 37 kB
Progress (4): 182 kB | 115 kB | 48 kB | 37 kB
Progress (4): 182 kB | 119 kB | 48 kB | 37 kB
Progress (4): 182 kB | 123 kB | 48 kB | 37 kB
Progress (4): 182 kB | 127 kB | 48 kB | 37 kB
Progress (4): 182 kB | 131 kB | 48 kB | 37 kB
Progress (4): 182 kB | 136 kB | 48 kB | 37 kB
Progress (4): 182 kB | 140 kB | 48 kB | 37 kB
Progress (4): 182 kB | 144 kB | 48 kB | 37 kB
Progress (4): 182 kB | 148 kB | 48 kB | 37 kB
Progress (4): 182 kB | 152 kB | 48 kB | 37 kB
Progress (4): 182 kB | 156 kB | 48 kB | 37 kB
Progress (4): 182 kB | 160 kB | 48 kB | 37 kB
Progress (4): 182 kB | 164 kB | 48 kB | 37 kB
Progress (4): 182 kB | 168 kB | 48 kB | 37 kB
Progress (4): 182 kB | 172 kB | 48 kB | 37 kB
Progress (4): 182 kB | 176 kB | 48 kB | 37 kB
Progress (4): 182 kB | 181 kB | 48 kB | 37 kB
Progress (4): 182 kB | 185 kB | 48 kB | 37 kB
Progress (4): 182 kB | 189 kB | 48 kB | 37 kB
Progress (4): 182 kB | 193 kB | 48 kB | 37 kB
Progress (4): 182 kB | 197 kB | 48 kB | 37 kB
Progress (4): 182 kB | 201 kB | 48 kB | 37 kB
Progress (4): 182 kB | 205 kB | 48 kB | 37 kB
Progress (4): 182 kB | 209 kB | 48 kB | 37 kB
Progress (4): 182 kB | 213 kB | 48 kB | 37 kB
Progress (4): 182 kB | 217 kB | 48 kB | 37 kB
Progress (4): 182 kB | 222 kB | 48 kB | 37 kB
Progress (4): 182 kB | 226 kB | 48 kB | 37 kB
Progress (4): 182 kB | 230 kB | 48 kB | 37 kB
Progress (4): 182 kB | 234 kB | 48 kB | 37 kB
Progress (4): 182 kB | 238 kB | 48 kB | 37 kB
Progress (4): 182 kB | 242 kB | 48 kB | 37 kB
Progress (4): 182 kB | 246 kB | 48 kB | 37 kB
Progress (4): 182 kB | 250 kB | 48 kB | 37 kB
Progress (4): 182 kB | 254 kB | 48 kB | 37 kB
Progress (4): 182 kB | 258 kB | 48 kB | 37 kB
Progress (4): 182 kB | 262 kB | 48 kB | 37 kB
Progress (4): 182 kB | 267 kB | 48 kB | 37 kB
Progress (4): 182 kB | 271 kB | 48 kB | 37 kB
Progress (4): 182 kB | 275 kB | 48 kB | 37 kB
Progress (4): 182 kB | 279 kB | 48 kB | 37 kB
Progress (4): 182 kB | 283 kB | 48 kB | 37 kB
Progress (4): 182 kB | 287 kB | 48 kB | 37 kB
Progress (4): 182 kB | 291 kB | 48 kB | 37 kB
Progress (4): 182 kB | 295 kB | 48 kB | 37 kB
Progress (4): 182 kB | 299 kB | 48 kB | 37 kB
Progress (4): 182 kB | 303 kB | 48 kB | 37 kB
Progress (4): 182 kB | 308 kB | 48 kB | 37 kB
Progress (4): 182 kB | 312 kB | 48 kB | 37 kB
Progress (4): 182 kB | 316 kB | 48 kB | 37 kB
Progress (4): 182 kB | 320 kB | 48 kB | 37 kB
Progress (4): 182 kB | 324 kB | 48 kB | 37 kB
Progress (4): 182 kB | 328 kB | 48 kB | 37 kB
Progress (4): 182 kB | 332 kB | 48 kB | 37 kB
Progress (4): 182 kB | 336 kB | 48 kB | 37 kB
Progress (4): 182 kB | 340 kB | 48 kB | 37 kB
Progress (4): 182 kB | 344 kB | 48 kB | 37 kB
Progress (4): 182 kB | 349 kB | 48 kB | 37 kB
Progress (4): 182 kB | 353 kB | 48 kB | 37 kB
Progress (4): 182 kB | 357 kB | 48 kB | 37 kB
Progress (4): 182 kB | 361 kB | 48 kB | 37 kB
Progress (4): 182 kB | 365 kB | 48 kB | 37 kB
Progress (4): 182 kB | 369 kB | 48 kB | 37 kB
Progress (4): 182 kB | 373 kB | 48 kB | 37 kB
Progress (4): 182 kB | 377 kB | 48 kB | 37 kB
Progress (4): 182 kB | 379 kB | 48 kB | 37 kB
                                             
Downloaded from aiban-tianyin-core: https://aiban-maven.pkg.coding.net/repository/tianyin/core/org/apache/maven/resolver/maven-resolver-impl/1.3.1/maven-resolver-impl-1.3.1.jar (182 kB at 175 kB/s)
Downloading from aiban-tianyin-core: https://aiban-maven.pkg.coding.net/repository/tianyin/core/org/apache/maven/maven-model-builder/3.6.0/maven-model-builder-3.6.0.jar
Progress (4): 379 kB | 48 kB | 37 kB | 2.6 kB
Progress (4): 379 kB | 48 kB | 37 kB | 6.7 kB
Progress (4): 379 kB | 48 kB | 37 kB | 11 kB 
Progress (4): 379 kB | 48 kB | 37 kB | 14 kB
Progress (4): 379 kB | 48 kB | 37 kB | 18 kB
Progress (4): 379 kB | 48 kB | 37 kB | 22 kB
Progress (4): 379 kB | 48 kB | 37 kB | 25 kB
Progress (4): 379 kB | 48 kB | 37 kB | 29 kB
Progress (4): 379 kB | 48 kB | 37 kB | 33 kB
Progress (4): 379 kB | 48 kB | 37 kB | 37 kB
                                            
Downloaded from aiban-tianyin-core: https://aiban-maven.pkg.coding.net/repository/tianyin/core/org/apache/maven/maven-plugin-api/3.6.0/maven-plugin-api-3.6.0.jar (48 kB at 43 kB/s)
Progress (3): 379 kB | 37 kB | 41 kB
                                    
Downloading from aiban-tianyin-core: https://aiban-maven.pkg.coding.net/repository/tianyin/core/org/apache/maven/maven-builder-support/3.6.0/maven-builder-support-3.6.0.jar
Progress (3): 379 kB | 37 kB | 44 kB
Progress (3): 379 kB | 37 kB | 47 kB
Progress (3): 379 kB | 37 kB | 51 kB
Progress (3): 379 kB | 37 kB | 55 kB
Progress (3): 379 kB | 37 kB | 60 kB
Progress (3): 379 kB | 37 kB | 63 kB
Progress (3): 379 kB | 37 kB | 66 kB
Progress (3): 379 kB | 37 kB | 68 kB
Progress (3): 379 kB | 37 kB | 72 kB
Progress (3): 379 kB | 37 kB | 77 kB
Progress (3): 379 kB | 37 kB | 81 kB
Progress (3): 379 kB | 37 kB | 85 kB
Progress (3): 379 kB | 37 kB | 89 kB
Progress (3): 379 kB | 37 kB | 91 kB
Progress (3): 379 kB | 37 kB | 93 kB
Progress (3): 379 kB | 37 kB | 97 kB
Progress (3): 379 kB | 37 kB | 101 kB
Progress (3): 379 kB | 37 kB | 106 kB
Progress (3): 379 kB | 37 kB | 110 kB
Progress (3): 379 kB | 37 kB | 114 kB
Progress (3): 379 kB | 37 kB | 118 kB
Progress (3): 379 kB | 37 kB | 122 kB
Progress (3): 379 kB | 37 kB | 126 kB
Progress (3): 379 kB | 37 kB | 130 kB
Progress (3): 379 kB | 37 kB | 134 kB
Progress (3): 379 kB | 37 kB | 138 kB
Progress (3): 379 kB | 37 kB | 142 kB
Progress (3): 379 kB | 37 kB | 146 kB
Progress (3): 379 kB | 37 kB | 151 kB
Progress (3): 379 kB | 37 kB | 155 kB
Progress (3): 379 kB | 37 kB | 159 kB
Progress (3): 379 kB | 37 kB | 163 kB
Progress (3): 379 kB | 37 kB | 166 kB
                                     
Downloaded from aiban-tianyin-core: https://aiban-maven.pkg.coding.net/repository/tianyin/core/org/apache/maven/resolver/maven-resolver-spi/1.3.1/maven-resolver-spi-1.3.1.jar (37 kB at 31 kB/s)
Downloading from aiban-tianyin-core: https://aiban-maven.pkg.coding.net/repository/tianyin/core/org/apache/maven/resolver/maven-resolver-api/1.3.1/maven-resolver-api-1.3.1.jar
Downloaded from aiban-tianyin-core: https://aiban-maven.pkg.coding.net/repository/tianyin/core/org/eclipse/sisu/org.eclipse.sisu.inject/0.3.3/org.eclipse.sisu.inject-0.3.3.jar (379 kB at 318 kB/s)
Downloading from aiban-tianyin-core: https://aiban-maven.pkg.coding.net/repository/tianyin/core/org/apache/maven/resolver/maven-resolver-util/1.3.1/maven-resolver-util-1.3.1.jar
Downloaded from aiban-tianyin-core: https://aiban-maven.pkg.coding.net/repository/tianyin/core/org/apache/maven/maven-model/3.6.0/maven-model-3.6.0.jar (166 kB at 130 kB/s)
Downloading from aiban-tianyin-core: https://aiban-maven.pkg.coding.net/repository/tianyin/core/com/google/inject/guice/4.2.1/guice-4.2.1-no_aop.jar
Progress (1): 2.6 kB
Progress (1): 5.5 kB
Progress (1): 8.3 kB
Progress (1): 12 kB 
Progress (1): 15 kB
Progress (2): 15 kB | 2.6 kB
Progress (2): 15 kB | 6.7 kB
Progress (2): 15 kB | 9.7 kB
Progress (2): 15 kB | 12 kB 
Progress (2): 15 kB | 15 kB
Progress (2): 15 kB | 18 kB
Progress (2): 15 kB | 22 kB
Progress (2): 15 kB | 25 kB
Progress (2): 15 kB | 29 kB
Progress (2): 15 kB | 32 kB
Progress (2): 15 kB | 36 kB
Progress (2): 15 kB | 39 kB
Progress (2): 15 kB | 43 kB
Progress (2): 15 kB | 47 kB
Progress (2): 15 kB | 51 kB
Progress (2): 15 kB | 55 kB
Progress (2): 15 kB | 59 kB
Progress (2): 15 kB | 63 kB
Progress (2): 15 kB | 66 kB
Progress (2): 15 kB | 68 kB
Progress (2): 15 kB | 71 kB
Progress (2): 15 kB | 74 kB
Progress (2): 15 kB | 77 kB
Progress (2): 15 kB | 81 kB
Progress (2): 15 kB | 85 kB
Progress (2): 15 kB | 89 kB
Progress (2): 15 kB | 93 kB
Progress (2): 15 kB | 96 kB
Progress (2): 15 kB | 100 kB
Progress (2): 15 kB | 105 kB
Progress (2): 15 kB | 108 kB
Progress (2): 15 kB | 111 kB
Progress (2): 15 kB | 115 kB
Progress (2): 15 kB | 118 kB
Progress (2): 15 kB | 121 kB
Progress (2): 15 kB | 123 kB
Progress (2): 15 kB | 126 kB
Progress (2): 15 kB | 130 kB
Progress (2): 15 kB | 134 kB
Progress (2): 15 kB | 138 kB
Progress (2): 15 kB | 142 kB
Progress (2): 15 kB | 146 kB
Progress (2): 15 kB | 149 kB
Progress (2): 15 kB | 151 kB
Progress (2): 15 kB | 154 kB
Progress (2): 15 kB | 157 kB
Progress (2): 15 kB | 160 kB
Progress (2): 15 kB | 164 kB
Progress (2): 15 kB | 168 kB
Progress (2): 15 kB | 172 kB
Progress (2): 15 kB | 176 kB
Progress (2): 15 kB | 178 kB
Progress (3): 15 kB | 178 kB | 2.6 kB
Progress (4): 15 kB | 178 kB | 2.6 kB | 2.6 kB
Progress (4): 15 kB | 178 kB | 5.4 kB | 2.6 kB
Progress (4): 15 kB | 178 kB | 5.4 kB | 6.7 kB
Progress (4): 15 kB | 178 kB | 9.5 kB | 6.7 kB
Progress (4): 15 kB | 178 kB | 9.5 kB | 11 kB 
Progress (4): 15 kB | 178 kB | 14 kB | 11 kB 
Progress (4): 15 kB | 178 kB | 14 kB | 14 kB
Progress (4): 15 kB | 178 kB | 16 kB | 14 kB
Progress (4): 15 kB | 178 kB | 16 kB | 17 kB
Progress (4): 15 kB | 178 kB | 19 kB | 17 kB
Progress (4): 15 kB | 178 kB | 19 kB | 21 kB
Progress (4): 15 kB | 178 kB | 23 kB | 21 kB
Progress (4): 15 kB | 178 kB | 23 kB | 24 kB
Progress (4): 15 kB | 178 kB | 26 kB | 24 kB
Progress (4): 15 kB | 178 kB | 26 kB | 28 kB
Progress (4): 15 kB | 178 kB | 29 kB | 28 kB
Progress (4): 15 kB | 178 kB | 29 kB | 32 kB
Progress (4): 15 kB | 178 kB | 29 kB | 35 kB
Progress (4): 15 kB | 178 kB | 29 kB | 38 kB
Progress (4): 15 kB | 178 kB | 29 kB | 42 kB
Progress (4): 15 kB | 178 kB | 32 kB | 42 kB
Progress (4): 15 kB | 178 kB | 32 kB | 45 kB
Progress (4): 15 kB | 178 kB | 36 kB | 45 kB
Progress (4): 15 kB | 178 kB | 36 kB | 47 kB
Progress (4): 15 kB | 178 kB | 40 kB | 47 kB
Progress (4): 15 kB | 178 kB | 40 kB | 50 kB
Progress (4): 15 kB | 178 kB | 44 kB | 50 kB
Progress (4): 15 kB | 178 kB | 44 kB | 54 kB
Progress (4): 15 kB | 178 kB | 49 kB | 54 kB
Progress (4): 15 kB | 178 kB | 49 kB | 57 kB
Progress (4): 15 kB | 178 kB | 51 kB | 57 kB
Progress (4): 15 kB | 178 kB | 51 kB | 61 kB
Progress (4): 15 kB | 178 kB | 53 kB | 61 kB
Progress (4): 15 kB | 178 kB | 56 kB | 61 kB
Progress (4): 15 kB | 178 kB | 56 kB | 65 kB
Progress (4): 15 kB | 178 kB | 59 kB | 65 kB
Progress (4): 15 kB | 178 kB | 59 kB | 68 kB
Progress (4): 15 kB | 178 kB | 59 kB | 72 kB
Progress (4): 15 kB | 178 kB | 63 kB | 72 kB
Progress (4): 15 kB | 178 kB | 67 kB | 72 kB
Progress (4): 15 kB | 178 kB | 71 kB | 72 kB
Progress (4): 15 kB | 178 kB | 71 kB | 77 kB
Progress (4): 15 kB | 178 kB | 76 kB | 77 kB
Progress (4): 15 kB | 178 kB | 76 kB | 81 kB
Progress (4): 15 kB | 178 kB | 78 kB | 81 kB
Progress (4): 15 kB | 178 kB | 78 kB | 85 kB
Progress (4): 15 kB | 178 kB | 81 kB | 85 kB
Progress (4): 15 kB | 178 kB | 81 kB | 87 kB
Progress (4): 15 kB | 178 kB | 81 kB | 89 kB
Progress (4): 15 kB | 178 kB | 84 kB | 89 kB
Progress (4): 15 kB | 178 kB | 84 kB | 92 kB
Progress (4): 15 kB | 178 kB | 87 kB | 92 kB
Progress (4): 15 kB | 178 kB | 87 kB | 95 kB
Progress (4): 15 kB | 178 kB | 87 kB | 99 kB
Progress (4): 15 kB | 178 kB | 87 kB | 103 kB
Progress (4): 15 kB | 178 kB | 90 kB | 103 kB
Progress (4): 15 kB | 178 kB | 90 kB | 106 kB
Progress (4): 15 kB | 178 kB | 94 kB | 106 kB
Progress (4): 15 kB | 178 kB | 94 kB | 109 kB
Progress (4): 15 kB | 178 kB | 98 kB | 109 kB
Progress (4): 15 kB | 178 kB | 98 kB | 112 kB
Progress (4): 15 kB | 178 kB | 98 kB | 115 kB
Progress (4): 15 kB | 178 kB | 102 kB | 115 kB
Progress (4): 15 kB | 178 kB | 106 kB | 115 kB
Progress (4): 15 kB | 178 kB | 110 kB | 115 kB
Progress (4): 15 kB | 178 kB | 112 kB | 115 kB
Progress (4): 15 kB | 178 kB | 112 kB | 118 kB
Progress (4): 15 kB | 178 kB | 115 kB | 118 kB
Progress (4): 15 kB | 178 kB | 115 kB | 120 kB
Progress (4): 15 kB | 178 kB | 115 kB | 123 kB
Progress (4): 15 kB | 178 kB | 115 kB | 126 kB
Progress (4): 15 kB | 178 kB | 115 kB | 129 kB
Progress (4): 15 kB | 178 kB | 115 kB | 133 kB
Progress (4): 15 kB | 178 kB | 118 kB | 133 kB
Progress (4): 15 kB | 178 kB | 118 kB | 137 kB
Progress (4): 15 kB | 178 kB | 122 kB | 137 kB
Progress (4): 15 kB | 178 kB | 122 kB | 141 kB
Progress (4): 15 kB | 178 kB | 126 kB | 141 kB
Progress (4): 15 kB | 178 kB | 130 kB | 141 kB
Progress (4): 15 kB | 178 kB | 134 kB | 141 kB
Progress (4): 15 kB | 178 kB | 138 kB | 141 kB
Progress (4): 15 kB | 178 kB | 142 kB | 141 kB
Progress (4): 15 kB | 178 kB | 145 kB | 141 kB
Progress (4): 15 kB | 178 kB | 145 kB | 144 kB
Progress (4): 15 kB | 178 kB | 145 kB | 149 kB
Progress (4): 15 kB | 178 kB | 145 kB | 153 kB
Progress (4): 15 kB | 178 kB | 149 kB | 153 kB
Progress (4): 15 kB | 178 kB | 149 kB | 157 kB
Progress (4): 15 kB | 178 kB | 152 kB | 157 kB
Progress (4): 15 kB | 178 kB | 152 kB | 160 kB
Progress (4): 15 kB | 178 kB | 156 kB | 160 kB
Progress (4): 15 kB | 178 kB | 156 kB | 160 kB
Progress (4): 15 kB | 178 kB | 160 kB | 160 kB
Progress (4): 15 kB | 178 kB | 165 kB | 160 kB
Progress (4): 15 kB | 178 kB | 169 kB | 160 kB
Progress (4): 15 kB | 178 kB | 173 kB | 160 kB
Progress (4): 15 kB | 178 kB | 177 kB | 160 kB
Progress (4): 15 kB | 178 kB | 181 kB | 160 kB
Progress (4): 15 kB | 178 kB | 185 kB | 160 kB
Progress (4): 15 kB | 178 kB | 189 kB | 160 kB
Progress (4): 15 kB | 178 kB | 193 kB | 160 kB
Progress (4): 15 kB | 178 kB | 197 kB | 160 kB
Progress (4): 15 kB | 178 kB | 201 kB | 160 kB
Progress (4): 15 kB | 178 kB | 206 kB | 160 kB
Progress (4): 15 kB | 178 kB | 210 kB | 160 kB
Progress (4): 15 kB | 178 kB | 214 kB | 160 kB
Progress (4): 15 kB | 178 kB | 218 kB | 160 kB
Progress (4): 15 kB | 178 kB | 222 kB | 160 kB
Progress (4): 15 kB | 178 kB | 226 kB | 160 kB
Progress (4): 15 kB | 178 kB | 230 kB | 160 kB
Progress (4): 15 kB | 178 kB | 234 kB | 160 kB
Progress (4): 15 kB | 178 kB | 238 kB | 160 kB
Progress (4): 15 kB | 178 kB | 242 kB | 160 kB
Progress (4): 15 kB | 178 kB | 246 kB | 160 kB
Progress (4): 15 kB | 178 kB | 251 kB | 160 kB
Progress (4): 15 kB | 178 kB | 255 kB | 160 kB
Progress (4): 15 kB | 178 kB | 259 kB | 160 kB
Progress (4): 15 kB | 178 kB | 263 kB | 160 kB
Progress (4): 15 kB | 178 kB | 267 kB | 160 kB
Progress (4): 15 kB | 178 kB | 271 kB | 160 kB
Progress (4): 15 kB | 178 kB | 275 kB | 160 kB
Progress (4): 15 kB | 178 kB | 279 kB | 160 kB
Progress (4): 15 kB | 178 kB | 283 kB | 160 kB
Progress (4): 15 kB | 178 kB | 287 kB | 160 kB
Progress (4): 15 kB | 178 kB | 292 kB | 160 kB
Progress (4): 15 kB | 178 kB | 296 kB | 160 kB
Progress (4): 15 kB | 178 kB | 300 kB | 160 kB
Progress (4): 15 kB | 178 kB | 304 kB | 160 kB
Progress (4): 15 kB | 178 kB | 306 kB | 160 kB
Progress (4): 15 kB | 178 kB | 309 kB | 160 kB
Progress (4): 15 kB | 178 kB | 312 kB | 160 kB
Progress (4): 15 kB | 178 kB | 315 kB | 160 kB
Progress (4): 15 kB | 178 kB | 319 kB | 160 kB
Progress (4): 15 kB | 178 kB | 323 kB | 160 kB
Progress (4): 15 kB | 178 kB | 327 kB | 160 kB
Progress (4): 15 kB | 178 kB | 331 kB | 160 kB
Progress (4): 15 kB | 178 kB | 335 kB | 160 kB
Progress (4): 15 kB | 178 kB | 338 kB | 160 kB
Progress (4): 15 kB | 178 kB | 341 kB | 160 kB
Progress (4): 15 kB | 178 kB | 343 kB | 160 kB
Progress (4): 15 kB | 178 kB | 346 kB | 160 kB
Progress (4): 15 kB | 178 kB | 350 kB | 160 kB
Progress (4): 15 kB | 178 kB | 354 kB | 160 kB
Progress (4): 15 kB | 178 kB | 359 kB | 160 kB
Progress (4): 15 kB | 178 kB | 362 kB | 160 kB
Progress (4): 15 kB | 178 kB | 365 kB | 160 kB
Progress (4): 15 kB | 178 kB | 369 kB | 160 kB
Progress (4): 15 kB | 178 kB | 373 kB | 160 kB
Progress (4): 15 kB | 178 kB | 378 kB | 160 kB
Progress (4): 15 kB | 178 kB | 382 kB | 160 kB
Progress (4): 15 kB | 178 kB | 384 kB | 160 kB
Progress (4): 15 kB | 178 kB | 387 kB | 160 kB
Progress (4): 15 kB | 178 kB | 389 kB | 160 kB
Progress (4): 15 kB | 178 kB | 394 kB | 160 kB
Progress (4): 15 kB | 178 kB | 397 kB | 160 kB
Progress (4): 15 kB | 178 kB | 399 kB | 160 kB
Progress (4): 15 kB | 178 kB | 402 kB | 160 kB
Progress (4): 15 kB | 178 kB | 405 kB | 160 kB
Progress (4): 15 kB | 178 kB | 409 kB | 160 kB
Progress (4): 15 kB | 178 kB | 413 kB | 160 kB
Progress (4): 15 kB | 178 kB | 417 kB | 160 kB
Progress (4): 15 kB | 178 kB | 421 kB | 160 kB
Progress (4): 15 kB | 178 kB | 426 kB | 160 kB
Progress (4): 15 kB | 178 kB | 430 kB | 160 kB
Progress (4): 15 kB | 178 kB | 432 kB | 160 kB
Progress (4): 15 kB | 178 kB | 435 kB | 160 kB
Progress (4): 15 kB | 178 kB | 437 kB | 160 kB
Progress (4): 15 kB | 178 kB | 440 kB | 160 kB
Progress (4): 15 kB | 178 kB | 444 kB | 160 kB
                                              
Downloaded from aiban-tianyin-core: https://aiban-maven.pkg.coding.net/repository/tianyin/core/org/apache/maven/maven-builder-support/3.6.0/maven-builder-support-3.6.0.jar (15 kB at 9.7 kB/s)
Progress (3): 178 kB | 447 kB | 160 kB
                                      
Downloading from aiban-tianyin-core: https://aiban-maven.pkg.coding.net/repository/tianyin/core/com/google/guava/guava/25.1-android/guava-25.1-android.jar
Progress (3): 178 kB | 450 kB | 160 kB
Progress (3): 178 kB | 453 kB | 160 kB
Progress (3): 178 kB | 457 kB | 160 kB
Progress (3): 178 kB | 461 kB | 160 kB
Progress (3): 178 kB | 465 kB | 160 kB
Progress (3): 178 kB | 469 kB | 160 kB
Progress (3): 178 kB | 474 kB | 160 kB
Progress (3): 178 kB | 478 kB | 160 kB
Progress (3): 178 kB | 482 kB | 160 kB
Progress (3): 178 kB | 485 kB | 160 kB
Progress (3): 178 kB | 487 kB | 160 kB
Progress (3): 178 kB | 490 kB | 160 kB
Progress (3): 178 kB | 493 kB | 160 kB
Progress (3): 178 kB | 496 kB | 160 kB
Progress (3): 178 kB | 499 kB | 160 kB
Progress (3): 178 kB | 503 kB | 160 kB
Progress (3): 178 kB | 507 kB | 160 kB
Progress (3): 178 kB | 511 kB | 160 kB
Progress (3): 178 kB | 515 kB | 160 kB
Progress (3): 178 kB | 519 kB | 160 kB
Progress (3): 178 kB | 521 kB | 160 kB
                                      
Downloaded from aiban-tianyin-core: https://aiban-maven.pkg.coding.net/repository/tianyin/core/org/apache/maven/maven-model-builder/3.6.0/maven-model-builder-3.6.0.jar (178 kB at 116 kB/s)
Downloading from aiban-tianyin-core: https://aiban-maven.pkg.coding.net/repository/tianyin/core/org/checkerframework/checker-compat-qual/2.0.0/checker-compat-qual-2.0.0.jar
Progress (3): 521 kB | 160 kB | 4.1 kB
Progress (3): 521 kB | 160 kB | 8.2 kB
Progress (3): 521 kB | 160 kB | 11 kB 
Progress (3): 521 kB | 160 kB | 14 kB
Progress (3): 521 kB | 160 kB | 17 kB
Progress (3): 521 kB | 160 kB | 21 kB
Progress (3): 521 kB | 160 kB | 25 kB
Progress (3): 521 kB | 160 kB | 29 kB
Progress (3): 521 kB | 160 kB | 33 kB
Progress (3): 521 kB | 160 kB | 35 kB
Progress (3): 521 kB | 160 kB | 38 kB
Progress (3): 521 kB | 160 kB | 40 kB
Progress (3): 521 kB | 160 kB | 44 kB
Progress (3): 521 kB | 160 kB | 49 kB
Progress (3): 521 kB | 160 kB | 52 kB
Progress (3): 521 kB | 160 kB | 56 kB
Progress (3): 521 kB | 160 kB | 59 kB
Progress (3): 521 kB | 160 kB | 62 kB
Progress (3): 521 kB | 160 kB | 65 kB
Progress (3): 521 kB | 160 kB | 69 kB
Progress (3): 521 kB | 160 kB | 71 kB
Progress (3): 521 kB | 160 kB | 74 kB
Progress (3): 521 kB | 160 kB | 78 kB
Progress (3): 521 kB | 160 kB | 82 kB
Progress (3): 521 kB | 160 kB | 86 kB
Progress (3): 521 kB | 160 kB | 90 kB
Progress (3): 521 kB | 160 kB | 92 kB
Progress (3): 521 kB | 160 kB | 96 kB
Progress (3): 521 kB | 160 kB | 100 kB
Progress (3): 521 kB | 160 kB | 104 kB
Progress (3): 521 kB | 160 kB | 108 kB
Progress (3): 521 kB | 160 kB | 112 kB
Progress (3): 521 kB | 160 kB | 115 kB
Progress (3): 521 kB | 160 kB | 118 kB
Progress (3): 521 kB | 160 kB | 120 kB
Progress (3): 521 kB | 160 kB | 123 kB
Progress (3): 521 kB | 160 kB | 126 kB
Progress (3): 521 kB | 160 kB | 130 kB
Progress (3): 521 kB | 160 kB | 133 kB
Progress (3): 521 kB | 160 kB | 136 kB
Progress (3): 521 kB | 160 kB | 140 kB
Progress (3): 521 kB | 160 kB | 144 kB
Progress (3): 521 kB | 160 kB | 147 kB
Progress (3): 521 kB | 160 kB | 149 kB
                                      
Downloaded from aiban-tianyin-core: https://aiban-maven.pkg.coding.net/repository/tianyin/core/com/google/inject/guice/4.2.1/guice-4.2.1-no_aop.jar (521 kB at 317 kB/s)
Downloading from aiban-tianyin-core: https://aiban-maven.pkg.coding.net/repository/tianyin/core/org/eclipse/sisu/org.eclipse.sisu.plexus/0.3.3/org.eclipse.sisu.plexus-0.3.3.jar
Downloaded from aiban-tianyin-core: https://aiban-maven.pkg.coding.net/repository/tianyin/core/org/apache/maven/resolver/maven-resolver-util/1.3.1/maven-resolver-util-1.3.1.jar (160 kB at 97 kB/s)
Downloading from aiban-tianyin-core: https://aiban-maven.pkg.coding.net/repository/tianyin/core/org/sonatype/plexus/plexus-cipher/1.7/plexus-cipher-1.7.jar
Progress (2): 149 kB | 2.6 kB
Progress (2): 149 kB | 6.7 kB
Progress (2): 149 kB | 11 kB 
Progress (2): 149 kB | 14 kB
Progress (2): 149 kB | 17 kB
Progress (2): 149 kB | 21 kB
Progress (2): 149 kB | 25 kB
Progress (2): 149 kB | 29 kB
Progress (2): 149 kB | 32 kB
                            
Downloaded from aiban-tianyin-core: https://aiban-maven.pkg.coding.net/repository/tianyin/core/org/apache/maven/resolver/maven-resolver-api/1.3.1/maven-resolver-api-1.3.1.jar (149 kB at 85 kB/s)
Downloaded from aiban-tianyin-core: https://aiban-maven.pkg.coding.net/repository/tianyin/core/org/sonatype/plexus/plexus-cipher/1.7/plexus-cipher-1.7.jar (0 B at 0 B/s)
Progress (2): 32 kB | 3.8 kB
Progress (2): 32 kB | 7.9 kB
Progress (2): 32 kB | 12 kB 
Progress (2): 32 kB | 16 kB
Progress (2): 32 kB | 20 kB
Progress (2): 32 kB | 24 kB
Progress (2): 32 kB | 28 kB
Progress (2): 32 kB | 32 kB
Progress (2): 32 kB | 36 kB
Progress (2): 32 kB | 39 kB
Progress (2): 32 kB | 43 kB
Progress (2): 32 kB | 46 kB
Progress (2): 32 kB | 50 kB
Progress (2): 32 kB | 54 kB
Progress (2): 32 kB | 57 kB
Progress (2): 32 kB | 60 kB
Progress (2): 32 kB | 63 kB
Progress (2): 32 kB | 66 kB
Progress (2): 32 kB | 68 kB
Progress (2): 32 kB | 71 kB
Progress (2): 32 kB | 74 kB
Progress (2): 32 kB | 78 kB
Progress (2): 32 kB | 81 kB
Progress (2): 32 kB | 85 kB
Progress (2): 32 kB | 89 kB
Progress (2): 32 kB | 92 kB
Progress (2): 32 kB | 97 kB
Progress (2): 32 kB | 100 kB
Progress (2): 32 kB | 102 kB
Progress (2): 32 kB | 106 kB
Progress (2): 32 kB | 109 kB
Progress (2): 32 kB | 113 kB
Progress (2): 32 kB | 116 kB
Progress (2): 32 kB | 119 kB
Progress (2): 32 kB | 122 kB
Progress (2): 32 kB | 126 kB
Progress (2): 32 kB | 130 kB
Progress (2): 32 kB | 134 kB
Progress (2): 32 kB | 137 kB
Progress (2): 32 kB | 140 kB
Progress (2): 32 kB | 144 kB
Progress (2): 32 kB | 148 kB
Progress (2): 32 kB | 151 kB
Progress (2): 32 kB | 155 kB
Progress (2): 32 kB | 160 kB
Progress (2): 32 kB | 164 kB
Progress (2): 32 kB | 168 kB
Progress (2): 32 kB | 172 kB
Progress (2): 32 kB | 176 kB
Progress (2): 32 kB | 180 kB
Progress (2): 32 kB | 184 kB
Progress (2): 32 kB | 186 kB
Progress (2): 32 kB | 190 kB
Progress (2): 32 kB | 193 kB
Progress (2): 32 kB | 197 kB
Progress (2): 32 kB | 200 kB
Progress (2): 32 kB | 204 kB
Progress (2): 32 kB | 205 kB
                            
Downloaded from aiban-tianyin-core: https://aiban-maven.pkg.coding.net/repository/tianyin/core/org/checkerframework/checker-compat-qual/2.0.0/checker-compat-qual-2.0.0.jar (32 kB at 17 kB/s)
Downloaded from aiban-tianyin-core: https://aiban-maven.pkg.coding.net/repository/tianyin/core/org/eclipse/sisu/org.eclipse.sisu.plexus/0.3.3/org.eclipse.sisu.plexus-0.3.3.jar (205 kB at 105 kB/s)
Downloaded from aiban-tianyin-core: https://aiban-maven.pkg.coding.net/repository/tianyin/core/com/google/guava/guava/25.1-android/guava-25.1-android.jar (0 B at 0 B/s)
[[1;34mINFO[m] 
[[1;34mINFO[m] [1m--- [0;32mmaven-clean-plugin:3.1.0:clean[m [1m(default-clean)[m @ [36mmaven-embedder-spring-boot-starter[0;1m ---[m
[[1;34mINFO[m] 
[[1;34mINFO[m] [1m--- [0;32mmaven-enforcer-plugin:3.0.0:enforce[m [1m(default-cli)[m @ [36mmaven-embedder-spring-boot-starter[0;1m ---[m
[[1;34mINFO[m] 
[[1;34mINFO[m] [1m--- [0;32mmaven-resources-plugin:3.1.0:resources[m [1m(default-resources)[m @ [36mmaven-embedder-spring-boot-starter[0;1m ---[m
[[1;34mINFO[m] Using 'UTF-8' encoding to copy filtered resources.
[[1;34mINFO[m] Copying 0 resource
[[1;34mINFO[m] Copying 2 resources
[[1;34mINFO[m] 
[[1;34mINFO[m] [1m--- [0;32mmaven-compiler-plugin:3.8.1:compile[m [1m(default-compile)[m @ [36mmaven-embedder-spring-boot-starter[0;1m ---[m
[[1;34mINFO[m] Changes detected - recompiling the module!
[[1;34mINFO[m] Compiling 4 source files to /Users/wandl/workspaces/workspace-ddd4j/workspace-ddd4j-boot-starters/maven-embedder-spring-boot-starter/target/classes
[[1;34mINFO[m] 
[[1;34mINFO[m] [1m--- [0;32mmaven-resources-plugin:3.1.0:testResources[m [1m(default-testResources)[m @ [36mmaven-embedder-spring-boot-starter[0;1m ---[m
[[1;34mINFO[m] Not copying test resources
[[1;34mINFO[m] 
[[1;34mINFO[m] [1m--- [0;32mmaven-compiler-plugin:3.8.1:testCompile[m [1m(default-testCompile)[m @ [36mmaven-embedder-spring-boot-starter[0;1m ---[m
[[1;34mINFO[m] Not compiling test sources
[[1;34mINFO[m] 
[[1;34mINFO[m] [1m--- [0;32mmaven-surefire-plugin:2.22.1:test[m [1m(default-test)[m @ [36mmaven-embedder-spring-boot-starter[0;1m ---[m
[[1;34mINFO[m] Tests are skipped.
[[1;34mINFO[m] 
[[1;34mINFO[m] [1m--- [0;32mmaven-jar-plugin:3.1.1:jar[m [1m(default-jar)[m @ [36mmaven-embedder-spring-boot-starter[0;1m ---[m
[[1;34mINFO[m] Building jar: /Users/wandl/workspaces/workspace-ddd4j/workspace-ddd4j-boot-starters/maven-embedder-spring-boot-starter/target/maven-embedder-spring-boot-starter-2.0.1-SNAPSHOT.jar
[[1;34mINFO[m] 
[[1;34mINFO[m] [1m--- [0;32mmaven-source-plugin:3.2.1:jar-no-fork[m [1m(attach-sources)[m @ [36mmaven-embedder-spring-boot-starter[0;1m ---[m
[[1;34mINFO[m] Building jar: /Users/wandl/workspaces/workspace-ddd4j/workspace-ddd4j-boot-starters/maven-embedder-spring-boot-starter/target/maven-embedder-spring-boot-starter-2.0.1-SNAPSHOT-sources.jar
[[1;34mINFO[m] 
[[1;34mINFO[m] [1m--- [0;32mmaven-install-plugin:2.5.2:install[m [1m(default-install)[m @ [36mmaven-embedder-spring-boot-starter[0;1m ---[m
[[1;34mINFO[m] Installing /Users/wandl/workspaces/workspace-ddd4j/workspace-ddd4j-boot-starters/maven-embedder-spring-boot-starter/target/maven-embedder-spring-boot-starter-2.0.1-SNAPSHOT.jar to /Users/wandl/.m2/repository/com/github/hiwepy/maven-embedder-spring-boot-starter/2.0.1-SNAPSHOT/maven-embedder-spring-boot-starter-2.0.1-SNAPSHOT.jar
[[1;34mINFO[m] Installing /Users/wandl/workspaces/workspace-ddd4j/workspace-ddd4j-boot-starters/maven-embedder-spring-boot-starter/pom.xml to /Users/wandl/.m2/repository/com/github/hiwepy/maven-embedder-spring-boot-starter/2.0.1-SNAPSHOT/maven-embedder-spring-boot-starter-2.0.1-SNAPSHOT.pom
[[1;34mINFO[m] Installing /Users/wandl/workspaces/workspace-ddd4j/workspace-ddd4j-boot-starters/maven-embedder-spring-boot-starter/target/maven-embedder-spring-boot-starter-2.0.1-SNAPSHOT-sources.jar to /Users/wandl/.m2/repository/com/github/hiwepy/maven-embedder-spring-boot-starter/2.0.1-SNAPSHOT/maven-embedder-spring-boot-starter-2.0.1-SNAPSHOT-sources.jar
[[1;34mINFO[m] 
[[1;34mINFO[m] [1m--- [0;32mmaven-deploy-plugin:2.8.2:deploy[m [1m(default-deploy)[m @ [36mmaven-embedder-spring-boot-starter[0;1m ---[m
[[1;34mINFO[m] Using alternate deployment repository maven-snapshots::default::https://packages.aliyun.com/5fdc0afd99b59ba3c5ead757/maven/maven-snapshots
Downloading from maven-snapshots: https://packages.aliyun.com/5fdc0afd99b59ba3c5ead757/maven/maven-snapshots/com/github/hiwepy/maven-embedder-spring-boot-starter/2.0.1-SNAPSHOT/maven-metadata.xml
Uploading to maven-snapshots: https://packages.aliyun.com/5fdc0afd99b59ba3c5ead757/maven/maven-snapshots/com/github/hiwepy/maven-embedder-spring-boot-starter/2.0.1-SNAPSHOT/maven-embedder-spring-boot-starter-2.0.1-20260316.060518-1.jar
Progress (1): 4.1/15 kB
Progress (1): 8.2/15 kB
Progress (1): 12/15 kB 
Progress (1): 15 kB   
                   
Uploaded to maven-snapshots: https://packages.aliyun.com/5fdc0afd99b59ba3c5ead757/maven/maven-snapshots/com/github/hiwepy/maven-embedder-spring-boot-starter/2.0.1-SNAPSHOT/maven-embedder-spring-boot-starter-2.0.1-20260316.060518-1.jar (15 kB at 13 kB/s)
Uploading to maven-snapshots: https://packages.aliyun.com/5fdc0afd99b59ba3c5ead757/maven/maven-snapshots/com/github/hiwepy/maven-embedder-spring-boot-starter/2.0.1-SNAPSHOT/maven-embedder-spring-boot-starter-2.0.1-20260316.060518-1.pom
Progress (1): 4.1/18 kB
Progress (1): 8.2/18 kB
Progress (1): 12/18 kB 
Progress (1): 16/18 kB
Progress (1): 18 kB   
                   
Uploaded to maven-snapshots: https://packages.aliyun.com/5fdc0afd99b59ba3c5ead757/maven/maven-snapshots/com/github/hiwepy/maven-embedder-spring-boot-starter/2.0.1-SNAPSHOT/maven-embedder-spring-boot-starter-2.0.1-20260316.060518-1.pom (18 kB at 16 kB/s)
Downloading from maven-snapshots: https://packages.aliyun.com/5fdc0afd99b59ba3c5ead757/maven/maven-snapshots/com/github/hiwepy/maven-embedder-spring-boot-starter/maven-metadata.xml
Uploading to maven-snapshots: https://packages.aliyun.com/5fdc0afd99b59ba3c5ead757/maven/maven-snapshots/com/github/hiwepy/maven-embedder-spring-boot-starter/2.0.1-SNAPSHOT/maven-metadata.xml
Progress (1): 801 B
                   
Uploaded to maven-snapshots: https://packages.aliyun.com/5fdc0afd99b59ba3c5ead757/maven/maven-snapshots/com/github/hiwepy/maven-embedder-spring-boot-starter/2.0.1-SNAPSHOT/maven-metadata.xml (801 B at 670 B/s)
Uploading to maven-snapshots: https://packages.aliyun.com/5fdc0afd99b59ba3c5ead757/maven/maven-snapshots/com/github/hiwepy/maven-embedder-spring-boot-starter/maven-metadata.xml
Progress (1): 311 B
                   
Uploaded to maven-snapshots: https://packages.aliyun.com/5fdc0afd99b59ba3c5ead757/maven/maven-snapshots/com/github/hiwepy/maven-embedder-spring-boot-starter/maven-metadata.xml (311 B at 297 B/s)
Uploading to maven-snapshots: https://packages.aliyun.com/5fdc0afd99b59ba3c5ead757/maven/maven-snapshots/com/github/hiwepy/maven-embedder-spring-boot-starter/2.0.1-SNAPSHOT/maven-embedder-spring-boot-starter-2.0.1-20260316.060518-1-sources.jar
Progress (1): 4.1/12 kB
Progress (1): 8.2/12 kB
Progress (1): 12 kB    
                   
Uploaded to maven-snapshots: https://packages.aliyun.com/5fdc0afd99b59ba3c5ead757/maven/maven-snapshots/com/github/hiwepy/maven-embedder-spring-boot-starter/2.0.1-SNAPSHOT/maven-embedder-spring-boot-starter-2.0.1-20260316.060518-1-sources.jar (12 kB at 11 kB/s)
Uploading to maven-snapshots: https://packages.aliyun.com/5fdc0afd99b59ba3c5ead757/maven/maven-snapshots/com/github/hiwepy/maven-embedder-spring-boot-starter/2.0.1-SNAPSHOT/maven-metadata.xml
Progress (1): 1.0 kB
                    
Uploaded to maven-snapshots: https://packages.aliyun.com/5fdc0afd99b59ba3c5ead757/maven/maven-snapshots/com/github/hiwepy/maven-embedder-spring-boot-starter/2.0.1-SNAPSHOT/maven-metadata.xml (1.0 kB at 1.0 kB/s)
[[1;34mINFO[m] [1m------------------------------------------------------------------------[m
[[1;34mINFO[m] [1;32mBUILD SUCCESS[m
[[1;34mINFO[m] [1m------------------------------------------------------------------------[m
[[1;34mINFO[m] Total time:  19.328 s
[[1;34mINFO[m] Finished at: 2026-03-16T14:05:24+08:00
[[1;34mINFO[m] [1m------------------------------------------------------------------------[m
[maven-embedder-spring-boot-starter/master] 成功
